-54.14111 -70.918335
-54.012902 -71.071064
-53.886392 -71.284725
-53.83556 -71.452656
-53.830286 -71.483067
-53.826956 -71.526123
-53.825012 -71.571672
-53.825012 -71.593902
-53.821943 -71.634177
-53.810414 -71.698626
-53.7425 -71.853615
-53.729729 -71.935011
-53.708894 -72.050562
-53.687645 -72.115011
-53.580833 -72.288342
-53.527778 -72.348075
-53.481257 -72.395982
-53.455004 -72.420012
-53.404307 -72.452511
-53.319167 -72.422793
-53.245007 -72.28341
-53.257634 -72.112095
-53.304443 -72.083619
-53.327087 -72.076959
-53.363753 -72.080847
-53.387576 -72.09432
-53.413469 -72.158058
-53.435528 -72.227367
-53.444996 -72.188901
-53.429723 -72.105282
-53.416394 -72.070551
-53.390474 -72.012312
-53.369306 -72.005832
-53.336393 -72.011403
-53.295551 -72.020565
-53.274032 -72.023202
-53.241812 -72.014382
-53.223056 -71.990424
-53.222858 -71.866602
-53.244521 -71.836821
-53.429516 -71.786043
-53.453753 -71.797644
-53.466119 -71.817228
-53.48195 -71.84862
-53.514161 -71.942778
-53.521388 -71.970012
-53.536598 -72.004932
-53.565416 -72.005841
-53.570285 -71.9964
-53.551943 -71.947233
-53.524862 -71.828469
-53.512784 -71.797374
-53.462438 -71.75529
-53.396387 -71.760555
-53.348201 -71.774172
-53.286668 -71.767512
-53.215208 -71.739027
-53.132921 -71.477505
-53.13473 -71.447238
-53.134442 -71.420157
-53.129447 -71.389458
-53.121671 -71.368056
-53.1125 -71.347779
-53.100008 -71.328618
-52.888895 -71.128341
-52.863965 -71.117856
-52.810703 -71.166537
-52.795007 -71.254179
-52.791119 -71.349723
-52.875557 -71.604441
-52.957502 -71.816958
-52.999028 -71.898831
-53.026388 -71.914869
-53.124308 -72.019593
-53.133902 -72.076131
-53.132786 -72.105147
-53.118053 -72.141399
-53.101601 -72.162657
-53.078336 -72.18306
-53.058887 -72.201402
-53.046809 -72.2214
-53.029448 -72.30348
-53.062361 -72.517095
-53.082323 -72.545526
-53.075834 -72.464445
-53.076392 -72.364248
-53.156393 -72.21042
-53.182709 -72.189522
-53.201393 -72.201465
-53.226944 -72.341253
-53.222786 -72.373617
-53.202014 -72.412092
-53.188334 -72.48474
-53.203715 -72.533484
-53.22986 -72.507924
-53.239724 -72.471267
-53.240012 -72.450144
-53.249588 -72.419112
-53.36549 -72.517374
-53.373338 -72.549306
-53.363339 -72.601047
-53.338337 -72.630576
-53.325971 -72.647784
-53.363888 -72.639594
-53.422784 -72.555777
-53.407988 -72.528336
-53.404235 -72.499248
-53.497223 -72.397512
-53.521946 -72.383067
-53.540279 -72.400284
-53.549441 -72.496404
-53.549729 -72.506952
-53.529866 -72.534456
-53.43362 -72.730008
-53.38862 -72.863892
-53.356463 -72.940491
-53.3375 -72.962919
-53.286119 -73.068615
-53.280422 -73.088757
-53.279441 -73.119033
-53.273474 -73.144449
-53.234729 -73.212507
-53.160767 -73.298889
-53.169173 -73.07613
-53.15903 -72.997506
-53.164169 -72.943893
-53.21195 -72.847503
-53.283617 -72.776673
-53.297504 -72.753894
-53.294039 -72.71028
-53.241884 -72.694386
-53.211671 -72.750564
-53.184104 -72.792216
-53.142713 -72.75771
-53.148887 -72.712782
-53.149103 -72.655839
-53.128619 -72.703899
-53.120564 -72.771957
-53.125559 -72.799938
-53.143334 -72.825012
-53.148338 -72.851193
-53.102987 -72.937503
-53.084168 -72.911664
-53.07389 -72.89973
-53.028719 -72.878166
-52.994996 -72.91917
-52.936388 -72.94959
-52.857512 -72.958347
-52.824716 -72.915849
-52.746119 -72.719451
-52.796672 -72.583344
-52.820279 -72.466677
-52.812782 -72.421677
-52.751114 -72.302508
-52.666676 -72.184725
-52.646876 -72.170838
-52.632512 -72.006957
-52.665416 -71.931942
-52.681805 -71.89452
-52.688618 -71.846955
-52.690832 -71.791398
-52.688897 -71.718336
-52.686107 -71.679456
-52.683335 -71.650845
-52.676387 -71.617923
-52.63334 -71.475282
-52.571393 -71.518347
-52.558892 -71.543898
-52.55792 -71.583075
-52.562915 -71.607789
-52.562501 -71.638902
-52.54973 -71.768349
-52.529165 -71.917236
-52.512785 -72.131121
-52.517231 -72.276669
-52.521947 -72.311463
-52.54739 -72.344142
-52.58528 -72.369171
-52.655696 -72.420777
-52.590491 -72.546876
-52.547498 -72.499176
-52.535213 -72.471735
-52.536536 -72.440568
-52.521893 -72.395244
-52.504586 -72.416403
-52.525835 -72.524322
-52.537094 -72.545418
-52.54334 -72.629451
-52.542854 -72.789795
-52.625555 -72.898893
-52.637786 -72.881118
-52.608887 -72.80973
-52.638956 -72.680904
-52.662158 -72.678348
-52.72973 -72.754182
-52.757513 -72.799182
-52.792784 -72.865575
-52.800281 -72.925848
-52.804862 -72.951255
-52.828334 -72.981126
-52.854173 -73.005849
-52.91612 -72.97362
-52.983053 -72.947223
-53.026118 -72.95076
-53.064728 -72.980424
-53.087498 -73.085553
-53.090837 -73.091673
-53.101808 -73.125009
-53.106254 -73.20348
-53.076878 -73.318473
-53.002043 -73.449342
-52.93889 -73.31139
-52.889723 -73.234998
-52.879175 -73.357227
-52.802324 -73.556451
-52.777781 -73.5057
-52.782227 -73.413072
-52.799174 -73.388628
-52.787645 -73.231884
-52.756667 -73.252791
-52.718606 -73.256391
-52.507502 -73.101105
-52.493012 -73.059201
-52.503065 -72.973341
-52.512785 -72.920979
-52.517636 -72.890631
-52.494443 -72.918063
-52.481672 -73.013067
-52.478891 -73.044171
-52.480421 -73.073898
-52.489727 -73.149732
-52.506665 -73.17639
-52.559999 -73.161675
-52.57916 -73.170288
-52.669799 -73.265976
-52.670699 -73.303614
-52.6607 -73.327653
-52.640765 -73.335213
-52.596944 -73.337778
-52.586945 -73.365012
-52.593335 -73.389726
-52.65278 -73.502496
-52.688051 -73.559034
-52.725833 -73.595565
-52.74584 -73.611684
-52.722089 -73.693611
-52.599446 -73.683063
-52.558622 -73.629729
-52.551323 -73.589382
-52.559585 -73.562922
-52.542575 -73.549935
-52.533053 -73.598076
-52.513892 -73.615284
-52.422785 -73.66626
-52.392509 -73.665423
-52.373816 -73.64952
-52.378613 -73.620279
-52.381601 -73.591119
-52.328618 -73.56501
-52.235 -73.583622
-52.169282 -73.644426
-52.097228 -73.722915
-52.070426 -73.739169
-52.037513 -73.731672
-52.023338 -73.703619
-52.041122 -73.67778
-52.077779 -73.661958
-52.192646 -73.542501
-52.195283 -73.512018
-52.172504 -73.464732
-52.219997 -73.345293
-52.223759 -73.321821
-52.215839 -73.263339
-52.204238 -73.24056
-52.160696 -73.215576
-52.111673 -73.165005
-52.089731 -73.097784
-52.067087 -73.024452
-52.070624 -72.986256
-52.141454 -72.983196
-52.187498 -72.986679
-52.249589 -72.911268
-52.26389 -72.866394
-52.239725 -72.83223
-52.099487 -72.773622
-52.062227 -72.784728
-52.082855 -72.816948
-52.13591 -72.848403
-52.161182 -72.846675
-52.203059 -72.875502
-52.173332 -72.942507
-52.087778 -72.943344
-51.959096 -72.861462
-51.939863 -72.802017
-51.989102 -72.694233
-52.045811 -72.698508
-52.088336 -72.659457
-52.100837 -72.620136
-52.111943 -72.6021
-52.170281 -72.553887
-52.200278 -72.534456
-52.321526 -72.575631
-52.345907 -72.609723
-52.379171 -72.741672
-52.451603 -72.92889
-52.458614 -72.899442
-52.440839 -72.820557
-52.39556 -72.635013
-52.374176 -72.580842
-52.316747 -72.491058
-52.203608 -72.467991
-52.182224 -72.482508
-52.131113 -72.549999
-52.051049 -72.649107
-51.965243 -72.666567
-51.946532 -72.634032
-51.957782 -72.518616
-51.950006 -72.492642
-51.935975 -72.4707
-51.920009 -72.456822
-51.789176 -72.4689
-51.728336 -72.506673
-51.61598 -72.65862
-51.583895 -72.712647
-51.575282 -72.738621
-51.570278 -72.782496
-51.569459 -72.829593
-51.545564 -72.916398
-51.487361 -73.054458
-51.463754 -73.076391
-51.443333 -73.116387
-51.448058 -73.159587
-51.46298 -73.242513
-51.483482 -73.270008
-51.500897 -73.256805
-51.511256 -73.217511
-51.506531 -73.193202
-51.488621 -73.153755
-51.50528 -73.065843
-51.534863 -72.97848
-51.60473 -72.85167
-51.694595 -72.709308
-51.701669 -72.686673
-51.711389 -72.631953
-51.721883 -72.571185
-51.739379 -72.550206
-51.78896 -72.566046
-51.831944 -72.626535
-51.837227 -72.719739
-51.807401 -72.789687
-51.774659 -72.814455
-51.728615 -72.979173
-51.636122 -73.178343
-51.610148 -73.242018
-51.613541 -73.283904
-51.709787 -73.226745
-51.722504 -73.193616
-51.727499 -73.155015
-51.726878 -73.127574
-51.716114 -73.092573
-51.730001 -73.056807
-51.748064 -73.030293
-51.783335 -72.997362
-51.847928 -73.059444
-51.85736 -73.082925
-51.862499 -73.122507
-51.876494 -73.1907
-51.865388 -73.070442
-51.833753 -73.008198
-51.819929 -72.971883
-51.83459 -72.937791
-51.861122 -72.926955
-51.882785 -72.959733
-51.900785 -73.028619
-51.919946 -73.089531
-51.940493 -73.140066
-51.966116 -73.156392
-52.094456 -73.184445
-52.09334 -73.206954
-52.087229 -73.240776
-52.033058 -73.275282
-51.921395 -73.293066
-51.812225 -73.300149
-51.726113 -73.320012
-51.701948 -73.335159
-51.66989 -73.380672
-51.693479 -73.370844
-51.746111 -73.340145
-51.796673 -73.329183
-52.125209 -73.277856
-52.160003 -73.286946
-52.170416 -73.316808
-52.159175 -73.349451
-52.056404 -73.545291
-52.040969 -73.564866
-52.011674 -73.579446
-51.973334 -73.575288
-51.907553 -73.606455
-51.834518 -73.649133
-51.81542 -73.598904
-51.83882 -73.588203
-51.94709 -73.507509
-52.024103 -73.431675
-52.017227 -73.399455
-51.911666 -73.476675
-51.756353 -73.586709
-51.74486 -73.548621
-51.730838 -73.516122
-51.694136 -73.47132
-51.719723 -73.615842
-51.789176 -73.700352
-51.71417 -73.762506
-51.643889 -73.791396
-51.633899 -73.855008
-51.622505 -73.90584
-51.434729 -73.928889
-51.410834 -73.924731
-51.377291 -73.904796
-51.395417 -73.813203
-51.469442 -73.710288
-51.509447 -73.682784
-51.589862 -73.631394
-51.633899 -73.618056
-51.628409 -73.604943
-51.602498 -73.598616
-51.574715 -73.613061
-51.419726 -73.695285
-51.221042 -73.779381
-51.20396 -73.739241
-51.241391 -73.701531
-51.269579 -73.691082
-51.159725 -73.711674
-51.14339 -73.734093
-51.15347 -73.758681
-51.226955 -73.855566
-51.238889 -73.88001
-51.242498 -73.900557
-51.209027 -74.083752
-51.186671 -74.12841
-51.073892 -74.152233
-51.046316 -74.212857
-51.034652 -74.235771
-50.927705 -74.247363
-50.902226 -74.223342
-50.881535 -74.180142
-50.871257 -74.138346
-50.870699 -73.908621
-50.880698 -73.885842
-50.916671 -73.85139
-50.790833 -73.78002
-50.688683 -73.781253
-50.661737 -73.75167
-50.644997 -73.665558
-50.64479 -73.633338
-50.669729 -73.576044
-50.701049 -73.562508
-50.714234 -73.533132
-50.669864 -73.502649
-50.630552 -73.563831
-50.624729 -73.611954
-50.616746 -73.653066
-50.567921 -73.719594
-50.5457 -73.722582
-50.522507 -73.703898
-50.517782 -73.680012
-50.512922 -73.646262
-50.502095 -73.620279
-50.488613 -73.603062
-50.404346 -73.571733
-50.52167 -73.757655
-50.543333 -73.773756
-50.606945 -73.799451
-50.691806 -73.827234
-50.716394 -73.819035
-50.74514 -73.812915
-50.763617 -73.823202
-50.828543 -73.928682
-50.835284 -73.94751
-50.828066 -74.043486
-50.771465 -74.119797
-50.706116 -74.160846
-50.603615 -74.232792
-50.480495 -74.28924
-50.46389 -74.214036
-50.48612 -74.122794
-50.497784 -74.097225
-50.511536 -74.07486
-50.524172 -74.050848
-50.533469 -74.021256
-50.546834 -73.890909
-50.524442 -73.940562
-50.513615 -73.991538
-50.47334 -74.076669
-50.439311 -74.120148
-50.429582 -74.29167
-50.346395 -74.473893
-50.207093 -74.688759
-50.177438 -74.69334
-50.151392 -74.670291
-50.125004 -74.635281
-50.10236 -74.585844
-50.081948 -74.491389
-50.095133 -74.432196
-50.088617 -74.348757
-50.134724 -74.293065
-50.166944 -74.272779
-50.217785 -74.203605
-50.288201 -73.963485
-50.296958 -73.899738
-50.297228 -73.881387
-50.288894 -73.867338
-50.208335 -74.132091
-50.209307 -74.153763
-50.202503 -74.176677
-50.18084 -74.207502
-49.992083 -74.370843
-49.950836 -74.360691
-49.927508 -74.337156
-49.93334 -74.268342
-49.942916 -74.221119
-49.977224 -74.172789
-50.012216 -74.124459
-50.074865 -73.890144
-50.044796 -73.886805
-50.016806 -73.900008
-49.985837 -74.008341
-49.961105 -74.09862
-49.894172 -74.297088
-49.867784 -74.324871
-49.801121 -74.348901
-49.76306 -74.2464
-49.750559 -74.193345
-49.745006 -74.144592
-49.752782 -74.113479
-49.746536 -74.072925
-49.715558 -74.06334
-49.727231 -74.190564
-49.742783 -74.279169
-49.739102 -74.299104
-49.697504 -74.321532
-49.646663 -74.327787
-49.622642 -74.321397
-49.57118 -74.243277
-49.541948 -74.111679
-49.537511 -74.087784
-49.559237 -73.947717
-49.580837 -73.930077
-49.63778 -73.908333
-49.667642 -73.881252
-49.679729 -73.845009
-49.68584 -73.815291
-49.729787 -73.749861
-49.789169 -73.723617
-49.757228 -73.712511
-49.711949 -73.732788
-49.674023 -73.757232
-49.662296 -73.776402
-49.659731 -73.822914
-49.657643 -73.85202
-49.589027 -73.877643
-49.531877 -73.874025
-49.512644 -73.914597
-49.516676 -73.959309
-49.519169 -73.990566
-49.496813 -74.094723
-49.483052 -74.110833
-49.413752 -74.121813
-49.27778 -74.083347
-49.262786 -74.068335
-49.2632 -74.03751
-49.284863 -74.001258
-49.305491 -73.989522
-49.327361 -73.968201
-49.347224 -73.917504
-49.353614 -73.8864
-49.346603 -73.847853
-49.329269 -73.893033
-49.32431 -73.924875
-49.315148 -73.942929
-49.254308 -73.998963
-49.093055 -74.028897
-49.073615 -74.016954
-49.045562 -73.985004
-49.033052 -73.967094
-49.025285 -73.942929
-49.024169 -73.911267
-49.037093 -73.882791
-49.051529 -73.862784
-49.054382 -73.828197
-49.032224 -73.831185
-49.010696 -73.892853
-49.021946 -74.043333
-49.062914 -74.051397
-49.153472 -74.041821
-49.235003 -74.10861
-49.319162 -74.15001
-49.374728 -74.16
-49.511042 -74.194371
-49.532228 -74.21598
-49.534865 -74.239308
-49.52348 -74.264877
-49.427513 -74.373903
-49.341941 -74.396952
-49.161662 -74.399175
-48.963338 -74.395845
-48.930002 -74.411388
-48.897917 -74.432304
-48.847499 -74.450142
-48.815702 -74.450142
-48.793751 -74.439594
-48.727223 -74.37834
-48.745421 -74.33721
-48.752684 -74.30697
-48.748742 -74.283381
-48.72878 -74.243763
-48.72167 -74.212506
-48.726674 -74.130426
-48.743684 -74.064654
-48.73445 -74.067399
-48.714173 -74.116116
-48.706676 -74.170836
-48.707783 -74.19834
-48.716945 -74.234997
-48.723335 -74.255841
-48.729176 -74.277513
-48.727223 -74.31417
-48.676949 -74.371536
-48.611942 -74.397573
-48.568607 -74.35251
-48.500972 -74.253753
-48.476807 -74.201247
-48.497507 -74.15028
-48.547781 -74.046672
-48.533615 -74.027232
-48.413609 -74.021121
-48.394448 -74.109726
-48.371849 -74.135925
-48.359897 -74.153349
-48.357161 -74.175876
-48.35177 -74.232549
-48.333887 -74.207223
-48.31973 -74.119176
-48.282785 -74.264454
-48.201389 -74.398617
-48.131108 -74.489184
-48.085001 -74.582784
-48.084443 -74.620422
-48.076811 -74.646387
-48.029723 -74.656881
-48.000554 -74.631807
-47.957084 -74.526399
-47.987711 -74.414934
-48.022496 -74.349594
-48.046121 -74.329173
-48.066947 -74.315286
-48.104441 -74.296674
-48.155282 -74.285001
-48.189176 -74.277225
-48.231809 -74.215206
-48.225698 -74.18466
-48.098339 -74.261124
-48.024449 -74.322513
-48.005 -74.327778
-47.995145 -74.302092
-47.992499 -74.198628
-47.995703 -74.075841
-48.007916 -74.050218
-48.033332 -74.019186
-48.047786 -73.962648
-48.04667 -73.85751
-48.029723 -73.771812
-48.137507 -73.593333
-48.185279 -73.589445
-48.24584 -73.553346
-48.208544 -73.539036
-48.175775 -73.492227
-48.17861 -73.443618
-48.184442 -73.42029
-48.195557 -73.394451
-48.197501 -73.349163
-48.167783 -73.300707
-48.15404 -73.284867
-48.126806 -73.276812
-48.093335 -73.273752
-48.07133 -73.287225
-48.091121 -73.290141
-48.12515 -73.295208
-48.144023 -73.314315
-48.165002 -73.355013
-48.168053 -73.375011
-48.160565 -73.401129
-48.122918 -73.486539
-48.050702 -73.579185
-47.985281 -73.64529
-47.909096 -73.654209
-47.908889 -73.570356
-47.940839 -73.561608
-47.969999 -73.528335
-47.978333 -73.509732
-47.985002 -73.487781
-47.994443 -73.436958
-48.003029 -73.226601
-47.978054 -73.269999
-47.963339 -73.339317
-47.962223 -73.373904
-47.964446 -73.399734
-47.970701 -73.435149
-47.965832 -73.472994
-47.944169 -73.516257
-47.780144 -73.713618
-47.729726 -73.742931
-47.703473 -73.737576
-47.683196 -73.717506
-47.662361 -73.686528
-47.633264 -73.657917
-47.567231 -73.67688
-47.531393 -73.72629
-47.595149 -73.772235
-47.61404 -73.733895
-47.636387 -73.728198
-47.786534 -73.771254
-47.801258 -73.791117
-47.812094 -73.815561
-47.846942 -73.934442
-47.835836 -74.015568
-47.829032 -74.034531
-47.786948 -74.06001
-47.783339 -74.091672
-47.781953 -74.140839
-47.758922 -74.309112
-47.746736 -74.388204
-47.763332 -74.474163
-47.773475 -74.499174
-47.779163 -74.547504
-47.77181 -74.618901
-47.765006 -74.646387
-47.741255 -74.713761
-47.711465 -74.741391
-47.57084 -74.604384
-47.550977 -74.560563
-47.54834 -74.540286
-47.55473 -74.453904
-47.561525 -74.426535
-47.592782 -74.371671
-47.643893 -74.349108
-47.707316 -74.31372
-47.740013 -74.272779
-47.752091 -74.237508
-47.755556 -74.200005
-47.748545 -74.175912
-47.749175 -74.204307
-47.738339 -74.25486
-47.718755 -74.282373
-47.680838 -74.298618
-47.632922 -74.257155
-47.617361 -74.167992
-47.632364 -74.115288
-47.632364 -74.089593
-47.620205 -74.046672
-47.539727 -74.061954
-47.563892 -74.130984
-47.589443 -74.167632
-47.606534 -74.285001
-47.603339 -74.305008
-47.452922 -74.51667
-47.43431 -74.528127
-47.366945 -74.473065
-47.296466 -74.369799
-47.26556 -74.347092
-47.243339 -74.332791
-47.219867 -74.319588
-47.206115 -74.193759
-47.213954 -74.17251
-47.241809 -74.162376
-47.27618 -74.161251
-47.341664 -74.113893
-47.347496 -74.10528
-47.333339 -74.113893
-47.273606 -74.141109
-47.248055 -74.141253
-47.214305 -74.131677
-47.198204 -74.119032
-47.149442 -74.046105
-47.034449 -73.938276
-46.981943 -74.015019
-46.975418 -74.037231
-46.974032 -74.059875
-46.981106 -74.079594
-46.993409 -74.108826
-46.986524 -74.138067
-46.871531 -74.247093
-46.812365 -74.264589
-46.78757 -74.265777
-46.766105 -74.339442
-46.785563 -74.618622
-46.842227 -74.621943
-46.836944 -74.590839
-46.836116 -74.550285
-46.859795 -74.437155
-46.886948 -74.448819
-46.90223 -74.477088
-46.903058 -74.504034
-46.897649 -74.567646
-46.87334 -74.646117
-46.794176 -74.887506
-46.751948 -75.008619
-46.658204 -75.075354
-46.62917 -75.078198
-46.606112 -75.06459
-46.558619 -75.010284
-46.509731 -74.940489
-46.442708 -74.945295
-46.468124 -74.96793
-46.500281 -74.984319
-46.574171 -75.081681
-46.595834 -75.120012
-46.626812 -75.188754
-46.658618 -75.35097
-46.652426 -75.392019
-46.649996 -75.431943
-46.665836 -75.505005
-46.687778 -75.570552
-46.703051 -75.598074
-46.766879 -75.652965
-46.782503 -75.632508
-46.754306 -75.583755
-46.702511 -75.473892
-46.703753 -75.446685
-46.71521 -75.41973
-46.878821 -75.342654
-46.903895 -75.351951
-46.933892 -75.41307
-46.950281 -75.466944
-46.955834 -75.488346
-46.956671 -75.496671
-46.955834 -75.506661
-46.941812 -75.567573
-46.880909 -75.641463
-46.793609 -75.710565
-46.725281 -75.717522
-46.634444 -75.704589
-46.570013 -75.642228
-46.567511 -75.62223
-46.568888 -75.597786
-46.572083 -75.565278
-46.555001 -75.51918
-46.511945 -75.447513
-46.479446 -75.394458
-46.444445 -75.401604
-46.4075 -75.356127
-46.392641 -75.332502
-46.36799 -75.265704
-46.396943 -75.221118
-46.408895 -75.218904
-46.349027 -75.214593
-46.300562 -75.19932
-46.215629 -75.087918
-46.21292 -75.046392
-46.215566 -74.956392
-46.112786 -74.821671
-46.056941 -74.788893
-45.923336 -74.723616
-45.841121 -74.689452
-45.826811 -74.674863
-45.807497 -74.456955
-45.792368 -74.36862
-45.80063 -74.334924
-45.835469 -74.315664
-45.81071 -74.263401
-45.798758 -74.155833
-45.809594 -74.136258
-45.835838 -74.110698
-45.946178 -74.057778
-46.051388 -74.085012
-46.080278 -74.100159
-46.110419 -74.123199
-46.126394 -74.144862
-46.137509 -74.161539
-46.135421 -74.139309
-46.099133 -74.076147
-46.046807 -74.057508
-46.025558 -74.059452
-46.003544 -74.067642
-45.984788 -74.055006
-46.038068 -73.976814
-46.059587 -73.969875
-46.088621 -73.972647
-46.115279 -73.98612
-46.13084 -73.999458
-46.150838 -74.025558
-46.181393 -74.075562
-46.203056 -74.128347
-46.224593 -74.194452
-46.249172 -74.311677
-46.2509 -74.342511
-46.241675 -74.372787
-46.21904 -74.416122
-46.204442 -74.440287
-46.184012 -74.484513
-46.244177 -74.401128
-46.25639 -74.378619
-46.264454 -74.359728
-46.265426 -74.332647
-46.247507 -74.233611
-46.231388 -74.153898
-46.219175 -74.122227
-46.201391 -74.070279
-46.197845 -74.046465
-46.289996 -74.004723
-46.337786 -73.90098
-46.34639 -73.871946
-46.347497 -73.863063
-46.337462 -73.8522
-46.308608 -73.879587
-46.297502 -73.904445
-46.281257 -73.936674
-46.213505 -74.017368
-46.1582 -73.984032
-46.143197 -73.960713
-46.138751 -73.892304
-46.241315 -73.762578
-46.296251 -73.766817
-46.33334 -73.776402
-46.362644 -73.791261
-46.386674 -73.80792
-46.448756 -73.879578
-46.471949 -73.911267
-46.559312 -73.993824
-46.602575 -73.912095
-46.603619 -73.874457
-46.59209 -73.846548
-46.578068 -73.831257
-46.497779 -73.778625
-46.475009 -73.766106
-46.421747 -73.743687
-46.385 -73.701126
-46.273607 -73.571949
-46.18952 -73.532646
-46.074446 -73.425564
-46.06334 -73.443069
-46.1582 -73.539306
-46.207502 -73.579725
-46.241387 -73.59723
-46.283894 -73.627227
-46.306943 -73.654029
-46.314998 -73.687851
-46.270835 -73.691685
-46.250558 -73.684449
-46.233485 -73.672641
-46.199177 -73.650006
-46.16 -73.634733
-46.117367 -73.622655
-46.08431 -73.62
-46.02473 -73.645002
-45.980495 -73.665144
-45.810278 -73.543068
-45.727784 -73.441116
-45.713618 -73.422225
-45.694448 -73.390284
-45.686105 -73.363887
-45.684035 -73.34334
-45.68417 -73.292508
-45.688472 -73.23723
-45.68417 -73.205568
-45.668339 -73.184247
-45.63584 -73.321398
-45.638621 -73.359999
-45.648755 -73.402992
-45.669032 -73.437786
-45.705986 -73.465704
-45.720836 -73.479591
-45.774998 -73.559727
-45.778265 -73.579869
-45.686105 -73.570284
-45.455696 -73.514664
-45.377918 -73.397088
-45.325421 -73.294182
-45.301463 -73.214937
-45.322433 -73.184004
-45.354239 -73.176669
-45.376946 -73.14543
-45.402785 -73.103337
-45.448757 -73.014732
-45.464453 -72.950985
-45.472778 -72.874998
-45.47042 -72.859455
-45.422504 -72.827226
-45.40292 -72.837432
-45.3941 -72.898695
-45.410003 -72.920286
-45.412784 -72.947088
-45.379655 -73.046529
-45.334727 -73.099728
-45.299447 -73.147509
-45.254177 -73.22724
-45.245006 -73.259865
-45.249443 -73.281672
-45.273338 -73.311399
-45.291464 -73.330416
-45.294866 -73.367505
-45.291122 -73.414467
-45.28709 -73.439307
-45.275552 -73.457361
-45.252854 -73.461807
-45.201257 -73.447227
-45.196676 -73.421676
-45.194444 -73.361538
-45.188198 -73.341675
-45.147743 -73.305495
-45.117926 -73.334169
-45.074591 -73.374732
-45.031184 -73.403757
-44.994518 -73.396791
-44.967914 -73.375281
-44.958617 -73.345563
-44.956952 -73.324863
-44.961812 -73.296117
-44.966942 -73.262511
-44.966807 -73.231326
-44.944451 -73.142496
-44.865143 -72.942228
-44.831672 -72.887787
-44.753336 -72.766107
-44.693612 -72.726966
-44.639162 -72.697779
-44.472779 -72.61389
-44.378333 -72.60723
-44.414729 -72.662229
-44.45612 -72.741672
-44.398889 -72.846684
-44.346941 -72.926685
-44.318753 -72.926703
-44.287505 -73.019457
-44.272781 -73.083618
-44.27 -73.11501
-44.263889 -73.156671
-44.252504 -73.184175
-44.178065 -73.282095
-44.146871 -73.289385
-44.114804 -73.279386
-44.068337 -73.210284
-44.023319 -73.136979
-43.985285 -73.136124
-43.9325 -73.101672
-43.809173 -73.017504
-43.809731 -72.991674
-43.801676 -72.946404
-43.776674 -72.845838
-43.749089 -72.85239
-43.707914 -72.852642
-43.741979 -72.868374
-43.752293 -72.882855
-43.756109 -72.946116
-43.733834 -73.042101
-43.699175 -73.046403
-43.581806 -73.03959
-43.465832 -73.106397
-43.442918 -73.116117
-43.314308 -73.081746
-43.296389 -73.060974
-43.277228 -73.021959
-43.26416 -72.993348
-43.254449 -72.970002
-43.249175 -72.949446
-43.237709 -72.914103
-43.164557 -72.91539
-43.12223 -72.933273
-43.097363 -72.925281
-43.042499 -72.885006
-43.012502 -72.848826
-43.013339 -72.81549
-43.04834 -72.745281
-42.912845 -72.742716
-42.884171 -72.773343
-42.870491 -72.802926
-42.848621 -72.831402
-42.819731 -72.846675
-42.76097 -72.860832
-42.70778 -72.861957
-42.566813 -72.856944
-42.500834 -72.821682
-42.494039 -72.799308
-42.497783 -72.709731
-42.501941 -72.68112
-42.522092 -72.660069
-42.560279 -72.582363
-42.566669 -72.55251
-42.554177 -72.539793
-42.523262 -72.564804
-42.513893 -72.612225
-42.502634 -72.644454
-42.478406 -72.684378
-42.288821 -72.849024
-42.245972 -72.800703
-42.219305 -72.751257
-42.184376 -72.604386
-42.197633 -72.572499
-42.23681 -72.543474
-42.258968 -72.544104
-42.454376 -72.453474
-42.463997 -72.435591
-42.44597 -72.421461
-42.371675 -72.429732
-42.239177 -72.464733
-42.196112 -72.478053
-42.12278 -72.490572
-42.095285 -72.488349
-42.057224 -72.481671
-42.030566 -72.474309
-42.005555 -72.464868
-41.97347 -72.461673
-41.963057 -72.480141
-41.963759 -72.522918
-41.993333 -72.557226
-42.022223 -72.622791
-42.008057 -72.748899
-41.976674 -72.826524
-41.932502 -72.868059
-41.906951 -72.859455
-41.843618 -72.805986
-41.728202 -72.654876
-41.729516 -72.613125
-41.734997 -72.579177
-41.716538 -72.476109
-41.689934 -72.405837
-41.652503 -72.350577
-41.636114 -72.332784
-41.435837 -72.310005
-41.445836 -72.346392
-41.624459 -72.381393
-41.656256 -72.404028
-41.683337 -72.475848
-41.708888 -72.578475
-41.709446 -72.611955
-41.702228 -72.635292
-41.678684 -72.675495
-41.611949 -72.704727
-41.57612 -72.738621
-41.51681 -72.805005
-41.500565 -72.843759
-41.483276 -72.935838
-41.500556 -73.012221
-41.510978 -73.045071
-41.58431 -73.106676
-41.624027 -73.092789
-41.637095 -73.073484
-41.695766 -73.059174
-41.751116 -73.129185
-41.788196 -73.195416
-41.792642 -73.229454
-41.780555 -73.299996
-41.772779 -73.332513
-41.774174 -73.398888
-41.780564 -73.418751
-41.797781 -73.467225
-41.804729 -73.493901
-41.805278 -73.510551
-41.774579 -73.574667
-41.75666 -73.693341
-41.754374 -73.745568
-41.678054 -73.729872
-41.626673 -73.684728
-41.616944 -73.666539
-41.615837 -73.633347
-41.61959 -73.600155
-41.611184 -73.562859
-41.519933 -73.497717
-41.542091 -73.528758
-41.576183 -73.549233
-41.596253 -73.568889
-41.602841 -73.597572
-41.593895 -73.717569
-41.564447 -73.778625
-41.479172 -73.871118
-41.442227 -73.873062
-41.410142 -73.854864
-41.342705 -73.858347
-41.304176 -73.87056
-41.230835 -73.905021
-41.215562 -73.920564
-41.200559 -73.936953
-41.175278 -73.952091
-41.079446 -73.972224
-40.966946 -73.994319
-40.857785 -73.946403
-40.622507 -73.83168
-40.576958 -73.786122
-40.509656 -73.745415
-40.47236 -73.752921
-40.417784 -73.781397
-40.175414 -73.72737
-40.127021 -73.674666
-40.112783 -73.659726
-40.054175 -73.664451
-40.028057 -73.674864
-40.003613 -73.701261
-39.981671 -73.71486
-39.957227 -73.694457
-39.943889 -73.679175
-39.873338 -73.49112
-39.885002 -73.404171
-39.854726 -73.378062
-39.736394 -73.379727
-39.590414 -73.305981
-39.568202 -73.290564
-39.496391 -73.254726
-39.416885 -73.224036
-39.385835 -73.245969
-39.35132 -73.220283
-39.240836 -73.22724
-39.08528 -73.283337
-38.917223 -73.358901
-38.690837 -73.460007
-38.604725 -73.493055
-38.537225 -73.518615
-38.516669 -73.523052
-38.418335 -73.54224
-38.385836 -73.540566
-38.327921 -73.523196
-38.321306 -73.505007
-38.269313 -73.520631
-38.244446 -73.505286
-38.227778 -73.485567
-38.206943 -73.472778
-38.057156 -73.45494
-38.016107 -73.467522
-37.963754 -73.490427
-37.877642 -73.535427
-37.780838 -73.606401
-37.726811 -73.667925
-37.603889 -73.685907
-37.577366 -73.673055
-37.539656 -73.635777
-37.51514 -73.605285
-37.476809 -73.5939
-37.439378 -73.598616
-37.408337 -73.617507
-37.385009 -73.6407
-37.366388 -73.666818
-37.34729 -73.677087
-37.199456 -73.639593
-37.176947 -73.628064
-37.152575 -73.586871
-37.192778 -73.542924
-37.206116 -73.517229
-37.235285 -73.436958
-37.234997 -73.394181
-37.234169 -73.373607
-37.230839 -73.347786
-37.218059 -73.293336
-37.202633 -73.251675
-37.187648 -73.22724
-37.161809 -73.203759
-37.134728 -73.1889
-37.057778 -73.164321
-36.875834 -73.144998
-36.682496 -73.129455
-36.695564 -73.093752
-36.714311 -73.070712
-36.720557 -73.039734
-36.720143 -73.015416
-36.713204 -72.995706
-36.699038 -72.98154
-36.623816 -72.961956
-36.511676 -72.923895
-36.414458 -72.878895
-36.325286 -72.836388
-36.121121 -72.815562
-35.975069 -72.796059
-35.960723 -72.781263
-35.950004 -72.762219
-35.91251 -72.711945
-35.823338 -72.6039
-35.802503 -72.591399
-35.770832 -72.58293
-35.734517 -72.584658
-35.686952 -72.608904
-35.60174 -72.6507
-35.574029 -72.647784
-35.552231 -72.62577
-35.533196 -72.584172
-35.485073 -72.515358
-35.353052 -72.451404
-35.269172 -72.416268
-35.244863 -72.40113
-35.203607 -72.358893
-35.186255 -72.326673
-35.167778 -72.288072
-35.122022 -72.230949
-35.085284 -72.210834
-35.040554 -72.201537
-35.010836 -72.1989
-34.975565 -72.197784
-34.946117 -72.195696
-34.892153 -72.187299
-34.791461 -72.132507
-34.772228 -72.110295
-34.747091 -72.090837
-34.687547 -72.066933
-34.648757 -72.056943
-34.515836 -72.041949
-34.45667 -72.049455
-34.418204 -72.052506
-34.389233 -72.031536
-34.372079 -71.994375
-34.345979 -71.984322
-34.294724 -71.984997
-34.220834 -71.991387
-34.197362 -72.01251
-34.177508 -72.02043
-34.144379 -72.016812
-33.963335 -71.897508
-33.933896 -71.870004
-33.914456 -71.863893
-33.842231 -71.839737
-33.774029 -71.805357
-33.765911 -71.77869
-33.760007 -71.743347
-33.74792 -71.714223
-33.721955 -71.679177
-33.682499 -71.660574
-33.66251 -71.655021
-33.63056 -71.648622
-33.554726 -71.63973
-33.4925 -71.658333
-33.371387 -71.694459
-33.255008 -71.706114
-33.105419 -71.756253
-33.086879 -71.746182
-33.089309 -71.698203
-33.009443 -71.569521
-32.900003 -71.523342
-32.76278 -71.498898
-32.694038 -71.457642
-32.665004 -71.446671
-32.634305 -71.442513
-32.491106 -71.441685
-32.39396 -71.406387
-32.300567 -71.469729
-32.247512 -71.511129
-32.186951 -71.538363
-32.091812 -71.531955
-32.043473 -71.520984
-32.020568 -71.514459
-31.98014 -71.506539
-31.893893 -71.505279
-31.772636 -71.511399
-31.744376 -71.525565
-31.71347 -71.540415
-31.611941 -71.565003
-31.550282 -71.565561
-31.523471 -71.569458
-31.315553 -71.621127
-31.18166 -71.659458
-31.162634 -71.666676
-31.131395 -71.666955
-31.108058 -71.661114
-31.077782 -71.653896
-30.986252 -71.649315
-30.950702 -71.660709
-30.927635 -71.676261
-30.90473 -71.68167
-30.761675 -71.703333
-30.658058 -71.702514
-30.559724 -71.698626
-30.50666 -71.695845
-30.34223 -71.67834
-30.273605 -71.645571
-30.263894 -71.615286
-30.280346 -71.603055
-30.291119 -71.570286
-30.292496 -71.546112
-30.277223 -71.510697
-30.185837 -71.405838
-30.155282 -71.385849
-29.953979 -71.339688
-29.909654 -71.289648
-29.834657 -71.292159
-29.806667 -71.321967
-29.747231 -71.340102
-29.551112 -71.336043
-29.475278 -71.321121
-29.441672 -71.30889
-29.418758 -71.309457
-29.324177 -71.341677
-29.303333 -71.355978
-29.282786 -71.380845
-29.248892 -71.43417
-29.236391 -71.458335
-29.22236 -71.479728
-29.199716 -71.490843
-29.183777 -71.493408
-29.108051 -71.478054
-28.97504 -71.507808
-28.895003 -71.510283
-28.869731 -71.502093
-28.835837 -71.467515
-28.758338 -71.376957
-28.670975 -71.295984
-28.617497 -71.287713
-28.557782 -71.28306
-28.514168 -71.258346
-28.474928 -71.229933
-28.349162 -71.162928
-28.234997 -71.157501
-28.154168 -71.156682
-27.961388 -71.140149
-27.843893 -71.105283
-27.784862 -71.08209
-27.723059 -71.045289
-27.676808 -71.008065
-27.658889 -70.965009
-27.624446 -70.913889
-27.487988 -70.892154
-27.434447 -70.909038
-27.33389 -70.93611
-27.179171 -70.966674
-27.154997 -70.958349
-27.128051 -70.945281
-27.112193 -70.923204
-27.100835 -70.863894
-27.039176 -70.813899
-26.988821 -70.785351
-26.926946 -70.800984
-26.893475 -70.817931
-26.867159 -70.823691
-26.714726 -70.75557
-26.596394 -70.702506
-26.561942 -70.693074
-26.436113 -70.682508
-26.301392 -70.638066
-26.200133 -70.668207
-26.166392 -70.668333
-26.087228 -70.658334
-26.042786 -70.630983
-26.022779 -70.626816
-25.990487 -70.63056
-25.935704 -70.650144
-25.909028 -70.678197
-25.888751 -70.697646
-25.815905 -70.731252
-25.710281 -70.699176
-25.664174 -70.682508
-25.566947 -70.633341
-25.495838 -70.573626
-25.470971 -70.536672
-25.365491 -70.45056
-25.260281 -70.433631
-25.202636 -70.432785
-25.147223 -70.455564
-25.088606 -70.502499
-24.955838 -70.496946
-24.897365 -70.528752
-24.842231 -70.546959
-24.716105 -70.583346
-24.557786 -70.566957
-24.397226 -70.547499
-24.349166 -70.538751
-24.328196 -70.551603
-24.245558 -70.534179
-24.194996 -70.518348
-24.175763 -70.507287
-24.106391 -70.499457
-24.046604 -70.504587
-24.010901 -70.521606
-23.976674 -70.521957
-23.852222 -70.511949
-23.783471 -70.498611
-23.746463 -70.468614
-23.727779 -70.442649
-23.700284 -70.426251
-23.654168 -70.406397
-23.626664 -70.396668
-23.603606 -70.390431
-23.561945 -70.391106
-23.530832 -70.400007
-23.499584 -70.412508
-23.484725 -70.425981
-23.463053 -70.459443
-23.44958 -70.48737
-23.458058 -70.509456
-23.513822 -70.536843
-23.499656 -70.622091
-23.378606 -70.599726
-23.232086 -70.594173
-23.066945 -70.574715
-23.03 -70.539462
-23.015177 -70.503615
-23.059169 -70.496118
-23.083397 -70.476669
-23.072786 -70.416468
-23.058053 -70.38432
-23.041808 -70.364727
-23.023052 -70.347501
-23.005556 -70.335846
-22.942502 -70.306677
-22.886873 -70.286121
-22.857785 -70.291404
-22.836113 -70.300134
-22.790555 -70.309863
-22.645835 -70.283061
-22.451948 -70.25778
-22.313618 -70.241958
-22.162229 -70.222779
-22.098887 -70.207497
-22.024997 -70.186671
-21.771395 -70.148619
-21.740552 -70.153065
-21.673475 -70.154307
-21.619277 -70.136784
-21.582368 -70.091397
-21.53222 -70.085556
-21.425651 -70.053345
-21.366944 -70.085556
-21.335939 -70.090767
-21.302288 -70.066944
-21.106394 -70.122231
-21.055553 -70.146117
-21.012713 -70.167582
-20.957498 -70.151121
-20.925692 -70.132923
-20.873051 -70.140006
-20.845286 -70.156674
-20.832785 -70.173333
-20.801672 -70.210431
-20.394998 -70.168896
-20.303891 -70.139727
-20.276945 -70.134372
-20.214449 -70.160562
-20.138759 -70.149726
-20.109446 -70.135983
-20.080142 -70.126398
-20.002778 -70.124454
-19.974446 -70.124733
-19.907783 -70.138899
-19.797785 -70.154442
-19.644443 -70.174998
-19.490282 -70.205292
-19.36862 -70.240572
-19.329731 -70.263063
-19.291949 -70.284186
-19.208411 -70.280703
-19.183337 -70.26876
-19.141388 -70.271667
-18.892223 -70.31889
-18.870551 -70.323336
-18.829583 -70.339446
-18.634031 -70.349589
-18.576395 -70.339734
-18.437498 -70.312014
-18.400832 -70.338051
-18.376253 -70.363062
-18.351674 -70.396389
-18.348542 -70.405488
-18.338471 -70.415424
-18.248894 -70.523055
-18.221111 -70.56612
-18.210977 -70.591536
-18.203606 -70.631253
-18.193607 -70.649595
-18.127781 -70.726671
-17.980559 -70.896114
-17.943335 -70.921953
-17.915417 -70.957368
-17.881946 -71.016111
-17.858888 -71.094996
-17.80847 -71.168346
-17.796941 -71.178345
-17.779517 -71.187021
-17.762219 -71.210556
-17.711675 -71.301681
-17.621945 -71.356671
-17.54639 -71.367237
-17.494172 -71.375157
-17.399447 -71.399322
-17.389997 -71.418348
-17.33084 -71.485839
-17.32139 -71.493057
-17.302229 -71.494236
-17.273609 -71.543898
-17.225279 -71.663346
-17.218889 -71.685567
-17.208332 -71.746947
-17.198054 -71.805141
-17.185283 -71.835291
-17.147078 -71.888904
-17.109305 -71.910144
-17.091116 -71.925984
-17.057501 -71.976114
-17.039717 -72.015291
-17.027783 -72.045981
-16.979165 -72.126396
-16.901945 -72.232794
-16.839449 -72.29799
-16.779167 -72.343611
-16.758332 -72.364725
-16.706393 -72.458199
-16.690697 -72.4932
-16.666118 -72.579726
-16.658054 -72.614871
-16.656947 -72.650286
-16.65584 -72.670833
-16.653338 -72.703062
-16.650134 -72.730629
-16.631387 -72.792783
-16.611812 -72.817083
-16.579583 -72.84987
-16.555832 -72.882783
-16.542503 -72.905427
-16.533332 -72.935847
-16.499996 -73.023615
-16.411661 -73.234998
-16.345385 -73.31409
-16.300286 -73.406952
-16.283051 -73.453896
-16.233893 -73.604169
-16.225838 -73.63917
-16.157573 -73.836189
-16.056944 -73.965006
-16.028054 -73.999458
-15.965837 -74.046393
-15.900137 -74.171817
-15.875279 -74.256957
-15.853814 -74.344311
-15.830279 -74.394459
-15.816662 -74.419173
-15.795692 -74.442231
-15.765551 -74.451672
-15.723188 -74.482425
-15.704999 -74.517498
-15.658334 -74.636127
-15.630839 -74.698902
-15.573887 -74.806947
-15.543611 -74.861955
-15.49223 -74.977236
-15.465977 -75.051387
-15.44084 -75.077793
-15.413336 -75.104739
-15.327638 -75.156813
-15.222779 -75.230568
-15.207227 -75.243618
-15.188894 -75.260286
-15.157295 -75.295566
-15.088337 -75.395574
-14.930279 -75.503061
-14.909444 -75.521538
-14.889446 -75.547926
-14.876387 -75.571398
-14.858333 -75.609999
-14.798888 -75.714732
-14.726942 -75.839733
-14.651873 -75.933891
-14.614442 -75.936951
-14.575418 -75.94209
-14.47208 -75.985425
-14.388893 -76.070286
-14.376662 -76.086387
-14.313194 -76.118409
-14.230286 -76.140567
-14.173892 -76.2039
-14.157782 -76.230144
-14.035139 -76.277376
-13.902668 -76.299615
-13.913891 -76.332717
-13.910552 -76.370562
-13.884164 -76.394799
-13.810688 -76.371885
-13.79528 -76.329369
-13.808573 -76.302513
-13.850153 -76.273371
-13.762781 -76.238343
-13.732496 -76.229442
-13.638059 -76.201947
-13.581665 -76.194459
-13.457915 -76.181535
-13.418333 -76.196943
-13.332086 -76.245696
-13.32386 -76.253877
-13.282784 -76.283334
-13.163336 -76.380012
-13.132781 -76.405419
-13.108202 -76.432095
-13.080833 -76.464171
-13.066388 -76.478058
-13.046111 -76.492233
-13.000004 -76.505013
-12.966668 -76.512789
-12.903605 -76.519998
-12.788198 -76.60251
-12.749444 -76.637223
-12.53528 -76.75056
-12.437783 -76.789305
-12.390281 -76.799727
-12.360284 -76.821669
-12.319442 -76.858335
-12.271112 -76.916115
-12.12695 -77.049315
-12.105971 -77.066676
-12.093605 -77.089734
-12.077513 -77.123052
-12.070898 -77.175702
-11.999996 -77.141106
-11.949443 -77.144454
-11.893472 -77.152923
-11.802221 -77.185836
-11.736107 -77.174865
-11.662919 -77.200848
-11.510972 -77.304735
-11.450969 -77.374458
-11.384729 -77.484726
-11.349449 -77.548617
-11.340557 -77.567778
-11.330558 -77.600835
-11.297843 -77.647707
-11.252501 -77.6655
-11.219543 -77.649075
-11.216105 -77.616108
-11.180285 -77.610906
-10.934162 -77.679459
-10.851668 -77.719725
-10.750004 -77.783337
-10.698056 -77.827518
-10.612529 -77.894595
-10.602782 -77.895144
-10.553894 -77.915556
-10.519163 -77.943213
-10.424168 -78.008346
-10.321946 -78.069456
-10.088333 -78.176682
-9.930554 -78.23889
-9.872504 -78.255846
-9.824444 -78.245001
-9.795977 -78.246252
-9.681317 -78.338961
-9.619163 -78.377787
-9.523754 -78.401403
-9.427778 -78.405291
-9.36278 -78.439725
-9.330002 -78.485292
-9.236942 -78.513624
-9.172502 -78.520572
-9.116666 -78.574716
-9.069443 -78.639795
-8.987291 -78.683409
-8.966663 -78.663798
-8.960003 -78.661665
-8.924579 -78.662988
-8.828054 -78.726114
-8.721944 -78.755013
-8.697365 -78.751251
-8.649161 -78.752853
-8.610002 -78.763068
-8.586395 -78.771951
-8.505557 -78.843897
-8.416943 -78.925626
-8.392085 -78.916959
-8.371664 -78.91848
-8.219654 -78.994593
-8.043056 -79.158888
-8.026109 -79.176672
-8.013887 -79.199442
-8.005832 -79.219458
-7.942499 -79.296111
-7.923473 -79.318332
-7.90181 -79.338897
-7.852778 -79.372512
-7.756388 -79.428348
-7.692785 -79.444737
-7.656947 -79.456122
-7.577783 -79.500834
-7.540559 -79.533333
-7.522496 -79.550415
-7.462502 -79.58736
-7.428194 -79.592508
-7.399025 -79.584165
-7.335557 -79.605009
-7.315559 -79.612794
-7.2575 -79.637787
-7.240832 -79.648893
-7.181531 -79.70886
-7.152497 -79.710552
-7.116668 -79.715007
-7.091108 -79.730838
-6.986105 -79.817778
-6.970211 -79.840494
-6.947504 -79.877223
-6.890552 -79.932375
-6.870689 -79.946532
-6.811946 -79.962786
-6.768611 -79.980012
-6.645419 -80.116398
-6.629714 -80.142795
-6.608339 -80.192511
-6.549443 -80.316954
-6.474725 -80.452521
-6.427079 -80.527995
-6.393887 -80.558334
-6.375833 -80.581959
-6.359444 -80.608338
-6.320555 -80.669727
-6.230555 -80.89002
-6.155279 -81.069732
-6.110279 -81.145845
-6.086663 -81.174726
-5.990003 -81.196398
-5.969168 -81.197091
-5.898194 -81.179037
-5.855687 -81.151533
-5.83334 -81.11223
-5.833052 -81.065979
-5.852078 -81.035982
-5.8625 -81.010836
-5.869862 -80.983485
-5.867504 -80.959176
-5.860133 -80.939034
-5.844581 -80.920143
-5.810003 -80.898615
-5.790554 -80.888904
-5.762501 -80.881254
-5.713334 -80.873478
-5.644583 -80.872857
-5.525972 -80.912376
-5.5025 -80.923068
-5.440139 -80.956251
-5.409998 -80.981127
-5.341661 -81.051678
-5.306111 -81.091944
-5.299163 -81.11376
-5.286662 -81.136251
-5.204447 -81.203823
-5.074235 -81.178695
-5.06222 -81.153198
-5.066531 -81.115974
-5.060132 -81.095418
-5.041664 -81.085842
-5.017778 -81.085005
-4.968332 -81.109458
-4.952231 -81.121401
-4.850279 -81.213903
-4.725278 -81.330147
-4.707224 -81.345285
-4.687496 -81.355149
-4.665554 -81.344313
-4.646393 -81.32904
-4.552217 -81.303075
-4.38542 -81.279873
-4.359716 -81.280287
-4.313681 -81.288828
-4.28084 -81.276399
-4.251392 -81.257652
-4.122224 -81.117288
-4.084757 -81.060525
-4.004585 -81.019998
-3.960278 -80.98848
-3.926105 -80.940564
-3.89132 -80.882649
-3.868613 -80.863893
-3.826394 -80.856126
-3.794444 -80.846388
-3.765833 -80.832501
-3.746807 -80.817228
-3.684716 -80.721954
-3.647222 -80.650278
-3.620132 -80.602227
-3.560282 -80.557506
-3.541661 -80.547795
-3.510206 -80.532288
-3.498191 -80.5032
-3.497219 -80.444736
-3.495833 -80.420013
-3.49028 -80.398053
-3.475691 -80.378478
-3.455558 -80.364186
-3.419927 -80.3475
-3.380516 -80.340426
-3.359717 -80.323623
-3.328334 -80.291403
-3.338612 -80.269938
-3.334715 -80.142795
-3.261662 -80.021115
-3.207779 -79.956315
-3.181805 -79.944174
-3.14972 -79.941114
-3.089375 -79.920342
-3.058892 -79.892226
-3.038606 -79.884171
-3.018608 -79.87779
-2.912786 -79.859727
-2.803058 -79.831683
-2.659166 -79.781112
-2.642786 -79.769592
-2.61458 -79.736265
-2.596949 -79.726815
-2.542427 -79.725627
-2.484719 -79.748901
-2.489444 -79.769997
-2.478887 -79.792569
-2.378195 -79.844103
-2.308058 -79.834734
-2.208743 -79.842087
-2.190977 -79.851393
-2.07584 -79.808904
-2.036105 -79.772778
-2.014028 -79.762923
-2.036942 -79.823493
-2.091392 -79.88382
-2.125286 -79.895286
-2.159999 -79.900281
-2.185001 -79.902783
-2.205134 -79.903206
-2.230973 -79.888347
-2.253887 -79.869861
-2.274866 -79.863903
-2.389445 -79.865847
-2.427785 -79.869447
-2.533337 -79.890291
-2.559311 -79.905834
-2.581667 -79.931403
-2.600837 -79.973892
-2.612501 -80.002503
-2.591666 -80.051121
-2.573333 -80.064729
-2.42639 -80.0289
-2.35916 -80.005428
-2.347784 -79.976538
-2.316113 -79.955847
-2.342159 -80.025489
-2.412503 -80.059446
-2.453336 -80.0739
-2.512916 -80.105283
-2.587499 -80.17362
-2.626388 -80.217225
-2.733191 -80.252226
-2.728052 -80.290557
-2.721113 -80.311401
-2.630285 -80.459874
-2.512502 -80.568891
-2.447918 -80.620983
-2.413052 -80.66223
-2.397086 -80.682507
-2.380004 -80.733069
-2.380976 -80.784594
-2.367215 -80.816391
-2.320559 -80.89002
-2.216942 -80.975007
-2.185001 -80.976672
-2.206943 -80.925003
-2.175281 -80.85474
-2.126528 -80.78751
-2.108195 -80.771535
-2.076947 -80.754174
-1.937915 -80.730981
-1.914164 -80.732223
-1.761668 -80.773893
-1.733057 -80.785845
-1.677608 -80.820144
-1.618613 -80.847504
-1.594655 -80.854803
-1.560284 -80.845839
-1.498337 -80.821404
-1.474307 -80.809308
-1.464164 -80.787852
-1.32479 -80.758269
-1.246949 -80.809443
-1.193057 -80.850843
-1.135484 -80.890074
-1.057634 -80.915013
-1.036529 -80.91279
-0.928889 -80.835975
-0.920285 -80.751114
-0.92834 -80.711388
-0.927215 -80.61876
-0.897713 -80.576046
-0.821105 -80.533485
-0.77084 -80.53029
-0.735137 -80.523612
-0.67931 -80.499456
-0.569519 -80.433261
-0.58229 -80.414244
-0.617498 -80.40438
-0.63458 -80.376534
-0.636389 -80.338896
-0.625382 -80.269722
-0.615554 -80.313336
-0.616949 -80.338203
-0.611387 -80.374311
-0.570284 -80.401671
-0.535832 -80.422227
-0.414305 -80.490627
-0.372572 -80.501184
-0.216395 -80.372223
-0.186947 -80.340282
-0.155285 -80.282367
-0.149714 -80.258616
-0.135692 -80.239311
-0.031391 -80.138889
0.000001 -80.112996
0.060418 -80.069454
0.130555 -80.045838
0.166942 -80.040006
0.212221 -80.039736
0.235558 -80.043066
0.265555 -80.045838
0.29278 -80.04501
0.354997 -80.039934
0.342973 -80.003142
0.348607 -79.998615
0.372214 -79.993062
0.400213 -80.010981
0.430003 -80.033067
0.449443 -80.041401
0.496045 -80.045073
0.531244 -80.020701
0.555688 -80.015706
0.586243 -80.021538
0.618607 -80.036118
0.63847 -80.05014
0.647785 -80.082504
0.67708 -80.107785
0.750835 -80.105832
0.770284 -80.100837
0.831241 -80.049096
0.823888 -80.010837
0.827218 -79.97139
0.873613 -79.855281
0.898606 -79.819452
0.912637 -79.802919
0.938611 -79.777782
0.953605 -79.7589
0.967915 -79.736265
0.997219 -79.658622
0.990838 -79.616673
0.987085 -79.579035
0.992017 -79.54938
1.039717 -79.483338
1.062919 -79.459038
1.075285 -79.440849
1.082215 -79.319457
1.081666 -79.286121
1.078957 -79.25292
1.082782 -79.20612
1.093744 -79.170156
1.109584 -79.148889
1.134721 -79.123068
1.187497 -79.079724
1.172215 -78.999453
1.23139 -78.924456
1.238365 -78.889293
1.338337 -78.874452
1.428895 -78.829182
1.437778 -78.809724
1.547848 -78.858684
1.580554 -78.928209
1.584442 -78.94863
1.585414 -78.985422
1.598815 -79.030773
1.631809 -79.050285
1.752364 -78.972093
1.825552 -78.880698
1.836523 -78.844932
1.820836 -78.761331
1.805689 -78.732513
1.764721 -78.621129
1.767151 -78.587496
1.882216 -78.549723
1.917082 -78.546105
2.017918 -78.596262
2.029924 -78.619446
2.06389 -78.654177
2.154718 -78.680556
2.193472 -78.686874
2.289448 -78.642504
2.40139 -78.582501
2.429164 -78.565293
2.390635 -78.556761
2.422378 -78.541065
2.434186 -78.522894
2.443159 -78.465303
2.504161 -78.455565
2.508337 -78.427989
2.47861 -78.389172
2.458054 -78.368616
2.437849 -78.346458
2.519164 -78.265017
2.490832 -78.144444
2.487367 -78.122511
2.522503 -77.986953
2.557783 -77.950287
2.610622 -77.941143
2.650897 -77.937471
2.604313 -77.903622
2.577979 -77.897367
2.559997 -77.861043
2.569447 -77.787657
2.610415 -77.74542
2.642635 -77.76459
2.756395 -77.781105
2.866663 -77.714172
3.050281 -77.566122
3.059578 -77.547789
3.260692 -77.417649
3.288097 -77.408325
3.301174 -77.431635
3.330073 -77.46813
3.357496 -77.450013
3.412504 -77.363892
3.566395 -77.244174
3.575278 -77.211675
3.665836 -77.141106
3.708892 -77.128488
3.768742 -77.125698
3.918403 -77.032719
3.906667 -77.083074
3.894445 -77.112639
3.862504 -77.159727
3.843613 -77.188617
3.838888 -77.237091
3.840139 -77.265414
3.851947 -77.286951
3.915865 -77.29767
3.950758 -77.285943
3.966697 -77.260095
3.971944 -77.214456
4.06027 -77.187231
4.076947 -77.210559
4.095559 -77.260554
4.063339 -77.294727
4.040839 -77.312646
3.986389 -77.32908
3.951136 -77.34438
3.925972 -77.366259
3.998611 -77.4225
4.031389 -77.434443
4.14208 -77.437089
4.178683 -77.42556
4.217158 -77.337396
4.214998 -77.276124
4.245382 -77.248179
4.260898 -77.242302
4.271113 -77.289876
4.269313 -77.33736
4.342159 -77.382432
4.442914 -77.346675
4.449448 -77.342517
4.471111 -77.334165
4.546531 -77.31306
4.648051 -77.316678
4.719448 -77.321673
4.816387 -77.339736
4.842496 -77.347782
4.867498 -77.353479
4.940551 -77.361678
5.082769 -77.372226
5.154868 -77.371263
5.202811 -77.353722
5.240557 -77.347782
5.298337 -77.360004
5.456242 -77.396805
5.504239 -77.480703
5.518891 -77.532228
5.584168 -77.504517
5.624029 -77.420565
5.617774 -77.382513
5.604238 -77.359176
5.616388 -77.326884
5.709025 -77.250564
5.758192 -77.240844
5.788333 -77.245011
5.987503 -77.338899
6.080554 -77.408064
6.130693 -77.454315
6.158332 -77.475699
6.185341 -77.488893
6.283054 -77.475843
6.239926 -77.40729
6.281668 -77.385285
6.391387 -77.355837
6.567364 -77.340429
6.690556 -77.408199
6.711949 -77.443758
6.714307 -77.466537
6.876667 -77.6664
6.977215 -77.652927
7.00084 -77.656401
7.055974 -77.680836
7.151941 -77.793336
7.228891 -77.889726
7.23313 -77.908203
7.331113 -78.008616
7.508053 -78.162507
7.542217 -78.167781
7.568335 -78.165981
7.646113 -78.234723
7.707214 -78.281397
7.724305 -78.274656
7.873336 -78.351669
7.886395 -78.369588
7.904863 -78.387786
7.964164 -78.411942
8.04889 -78.432786
8.080273 -78.42591
8.098129 -78.403446
8.068474 -78.400908
8.060833 -78.374313
8.058745 -78.320565
8.070274 -78.294582
8.101945 -78.257232
8.148475 -78.236388
8.183746 -78.241671
8.215075 -78.278688
8.249716 -78.301395
8.269444 -78.262218
8.327368 -78.182919
8.401672 -78.143634
8.399269 -78.135003
8.311105 -78.045012
8.261371 -78.028488
8.232463 -77.995188
8.240131 -77.964309
8.228818 -77.882706
8.195554 -77.840838
8.159167 -77.806944
8.130286 -77.785281
8.155 -77.77917
8.235001 -77.8689
8.246107 -77.889177
8.252218 -77.912172
8.267086 -77.993199
8.272918 -78.013476
8.338609 -78.045291
8.455825 -78.107508
8.439166 -78.120567
8.380486 -78.234309
8.396947 -78.253821
8.394445 -78.359454
8.336602 -78.384798
8.345872 -78.397785
8.343613 -78.413067
8.452918 -78.492645
8.495695 -78.48792
8.616943 -78.507234
8.636941 -78.538347
8.652214 -78.564726
8.663338 -78.606882
8.700283 -78.657498
8.74666 -78.709734
8.79166 -78.742233
8.913268 -78.907293
8.963749 -79.02342
8.966665 -79.053075
9.007678 -79.068555
9.052894 -79.067673
9.110206 -79.023276
9.138538 -78.979104
9.135829 -79.006662
9.12583 -79.039737
9.084997 -79.108902
9.051985 -79.119234
9.030772 -79.1181
9.013528 -79.133517
9.005824 -79.228485
9.016111 -79.258482
9.018055 -79.281396
9.016111 -79.365843
9.013609 -79.390287
9.008056 -79.433901
8.997364 -79.477929
8.959717 -79.522641
8.919721 -79.526601
8.880004 -79.577658
8.873893 -79.639452
8.866666 -79.697781
8.833195 -79.737363
8.785972 -79.759305
8.733475 -79.748892
8.711038 -79.738344
8.605837 -79.781112
8.450839 -79.952787
8.407504 -80.016111
8.401537 -80.026488
8.383051 -80.070552
8.367499 -80.099451
8.339446 -80.138619
8.295274 -80.225712
8.287498 -80.336943
8.290801 -80.382087
8.264863 -80.424315
8.215552 -80.471268
8.196949 -80.4789
8.152084 -80.482086
8.090551 -80.475282
8.083189 -80.481402
8.022151 -80.44236
8.003332 -80.397918
7.998976 -80.382087
7.998895 -80.378064
7.992082 -80.351739
7.951105 -80.325837
7.915834 -80.317224
7.755553 -80.158617
7.64389 -80.060292
7.518889 -79.990425
7.468399 -80.002296
7.451668 -80.024733
7.430275 -80.095833
7.412221 -80.162226
7.416946 -80.215011
7.428817 -80.251569
7.430275 -80.281404
7.416388 -80.308332
7.372918 -80.362089
7.30972 -80.375832
7.244578 -80.43687
7.236388 -80.593902
7.23493 -80.63415
7.229305 -80.643348
8.936947 -80.779176
8.97166 -80.751951
9.041662 -80.6364
9.058609 -80.601966
9.085834 -80.535843
9.133471 -80.405568
9.150274 -80.315568
9.159868 -80.253891
9.192781 -80.154729
9.206947 -80.117505
9.220132 -80.092656
9.258895 -80.051391
9.306667 -80.004456
9.328609 -79.988067
9.353053 -79.967646
9.358471 -79.947369
9.400276 -79.806114
9.435277 -79.744446
9.49042 -79.687233
9.549622 -79.671222
9.594163 -79.625835
9.602497 -79.599456
9.620137 -79.534458
9.568054 -79.463052
9.540001 -79.24779
9.54055 -79.162227
9.542215 -79.075854
9.546391 -79.044444
9.547777 -78.995007
9.543358 -78.959439
9.537598 -78.962121
9.521947 -78.998067
9.519868 -79.034589
9.493336 -79.065909
9.462214 -79.067223
9.429031 -79.054515
9.423334 -79.006392
9.431947 -78.703605
9.428338 -78.55209
9.404164 -78.49917
9.381394 -78.451956
9.358327 -78.41223
9.335278 -78.366672
9.28666 -78.235839
9.259714 -78.152238
9.228817 -78.034383
9.143056 -77.944167
9.096292 -77.882967
9.083611 -77.848893
9.047638 -77.805144
8.975971 -77.747229
8.941942 -77.745906
8.876665 -77.702643
8.837326 -77.633928
8.763607 -77.542785
8.706601 -77.532435
8.686108 -77.510835
8.67403 -77.48973
8.659027 -77.434443
8.665768 -77.373558
8.675002 -77.366673
8.662222 -77.346954
8.578333 -77.300289
8.51653 -77.284665
8.464717 -77.24097
8.451109 -77.22
8.443612 -77.199444
8.434162 -77.163894
8.410213 -77.134518
8.38639 -77.118903
8.326108 -77.081679
8.23834 -76.968612
8.190001 -76.955562
8.159167 -76.948623
8.121664 -76.887792
8.133211 -76.838571
8.129098 -76.834107
8.086393 -76.832496
8.026453 -76.836681
8.034652 -76.870566
8.046667 -76.892922
8.031529 -76.916745
7.985557 -76.927509
7.936039 -76.923891
7.909444 -76.871943
7.904998 -76.816953
7.919164 -76.757922
7.935832 -76.744458
8.039161 -76.731948
8.090623 -76.738968
8.197498 -76.753341
8.340688 -76.765293
8.411248 -76.773825
8.482222 -76.821822
8.52139 -76.876677
8.537221 -76.928202
8.568334 -76.928346
8.622217 -76.884723
8.63389 -76.818069
8.676604 -76.673898
8.876602 -76.432437
8.906392 -76.426758
8.906662 -76.418901
8.910559 -76.398894
8.916112 -76.373613
8.938612 -76.317507
8.995276 -76.264173
9.191944 -76.180554
9.235837 -76.172643
9.315559 -76.110561
9.335836 -76.089735
9.345556 -76.071402
9.422218 -75.918627
9.438607 -75.816045
9.421246 -75.725217
9.411391 -75.687921
9.425836 -75.656673
9.448192 -75.634317
9.472222 -75.620007
9.522775 -75.598074
9.546949 -75.591117
9.583057 -75.585555
9.606394 -75.585285
9.634717 -75.591396
9.665551 -75.601395
9.698887 -75.626811
9.760276 -75.660849
9.824716 -75.63528
9.957502 -75.596121
9.979444 -75.59028
10.045693 -75.580146
10.071946 -75.580002
10.088632 -75.582522
10.134442 -75.571677
10.182367 -75.534039
10.236943 -75.531672
10.417888 -75.547071
10.446661 -75.485295
10.490977 -75.486672
10.550134 -75.504033
10.592785 -75.476115
10.658611 -75.408894
10.724446 -75.288069
10.721395 -75.261402
10.706455 -75.251844
10.729162 -75.226608
10.762012 -75.235626
10.746109 -75.250836
10.753057 -75.268197
10.798993 -75.264138
10.800316 -75.244023
10.805554 -75.222783
10.905832 -75.039453
10.936009 -75.031776
10.966528 -75.023055
11.068894 -74.921112
11.119717 -74.868057
11.125486 -74.860812
11.105551 -74.834595
10.993339 -74.505006
10.987219 -74.476116
10.983889 -74.450835
10.983052 -74.423619
10.983052 -74.379726
10.986661 -74.341674
10.9918 -74.315979
10.999027 -74.292228
10.983475 -74.304873
10.974862 -74.327229
10.971109 -74.354733
10.965826 -74.419029
10.971316 -74.46528
10.877635 -74.591748
10.823608 -74.607507
10.783297 -74.593305
10.812772 -74.519181
10.765972 -74.46528
10.7425 -74.457783
10.742158 -74.394999
10.755415 -74.375415
10.783396 -74.35827
10.863613 -74.332224
10.9675 -74.290554
11.016946 -74.263617
11.11861 -74.229876
11.196667 -74.238894
11.234998 -74.236959
11.269162 -74.215566
11.309716 -74.188899
11.331388 -74.155014
11.35639 -74.037231
11.355274 -74.012787
11.339029 -73.969587
11.319166 -73.951254
11.284714 -73.866951
11.265688 -73.790838
11.265274 -73.672497
11.271241 -73.631394
11.273059 -73.594728
11.273887 -73.557234
11.271331 -73.537245
11.26972 -73.508904
11.273887 -73.384317
11.279449 -73.344996
11.28583 -73.316952
11.295559 -73.284453
11.306395 -73.267497
11.349028 -73.206261
11.376523 -73.195848
11.424448 -73.143063
11.502775 -73.03473
11.68777 -72.768762
11.706805 -72.730899
11.787499 -72.517644
11.784097 -72.487368
11.784997 -72.457497
11.797777 -72.416259
11.875825 -72.279729
11.889163 -72.258615
11.915209 -72.232713
12.106387 -72.138717
12.126943 -72.138897
12.207295 -72.145836
12.22156 -72.168858
12.241108 -72.157914
12.249442 -72.138627
12.257776 -72.028629
12.25198 -71.964765
12.225691 -71.982513
12.192634 -72.011808
12.157084 -71.986041
12.15361 -71.963055
12.162772 -71.937792
12.21076 -71.864244
12.313324 -71.809731
12.366388 -71.692929
12.421603 -71.631387
12.438892 -71.655021
12.434482 -71.704386
12.41416 -71.736534
12.440971 -71.724312
12.459313 -71.690841
12.463894 -71.661537
12.453607 -71.563617
12.44611 -71.528625
12.346111 -71.275698
12.321667 -71.243055
12.302083 -71.220834
12.098611 -71.114868
12.075553 -71.110836
12.048895 -71.114184
12.017368 -71.131257
11.984446 -71.17362
11.951389 -71.231949
11.918611 -71.282502
11.865277 -71.319456
11.853055 -71.324721
11.799163 -71.341128
11.753335 -71.378622
11.723887 -71.445843
11.710279 -71.480565
11.707219 -71.505009
11.703889 -71.541396
11.690839 -71.638335
11.674999 -71.712234
11.662363 -71.765838
11.647504 -71.816391
11.594719 -71.954172
11.546245 -71.969175
11.506393 -71.966403
11.464444 -71.960841
11.421802 -71.952642
11.395558 -71.944875
11.363059 -71.932779
11.300833 -71.906112
11.229445 -71.866953
11.18278 -71.837784
11.128609 -71.795295
11.034163 -71.740845
11.013742 -71.763615
10.834165 -71.69112
10.777501 -71.661807
10.741942 -71.617509
10.727776 -71.596953
10.716112 -71.577927
10.674721 -71.58168
10.476388 -71.63001
10.442503 -71.648892
10.423333 -71.677782
10.36972 -71.755704
10.349308 -71.7732
10.321813 -71.794449
10.255132 -71.825148
10.218889 -71.841123
10.124443 -71.911251
9.818191 -72.125352
9.735553 -72.077931
9.70777 -72.046539
9.663472 -72.008064
9.623332 -71.979174
9.602497 -71.965836
9.543052 -71.944452
9.493606 -71.910846
9.375688 -71.733204
9.344998 -71.723619
9.295975 -71.731953
9.222499 -71.751951
9.118333 -71.759457
9.100558 -71.734176
9.077914 -71.714862
9.063397 -71.689176
9.043057 -71.62389
9.039997 -71.598348
9.040834 -71.552781
9.050419 -71.497224
9.110557 -71.313615
9.121663 -71.290557
9.155422 -71.24139
9.174196 -71.225082
9.208891 -71.214174
9.219718 -71.208342
9.273745 -71.165421
9.286804 -71.147232
9.293338 -71.117784
9.312499 -71.074863
9.338743 -71.055972
9.354448 -71.055558
9.390277 -71.071119
9.536599 -71.089173
9.566668 -71.083071
9.617221 -71.061111
9.703612 -71.053344
9.851113 -71.073396
9.89479 -71.098344
9.950833 -71.147781
10.150138 -71.269452
10.175419 -71.292645
10.19278 -71.316954
10.282771 -71.385552
10.369441 -71.436672
10.459999 -71.458614
10.53334 -71.521956
10.568323 -71.545707
10.726948 -71.526402
10.795555 -71.446671
10.916389 -71.451675
10.961038 -71.492859
10.979578 -71.434728
10.984168 -71.411958
10.98334 -71.384175
10.978336 -71.353899
10.989163 -71.281107
10.993051 -71.271117
11.032219 -71.178075
11.08 -71.0739
11.103193 -71.031537
11.117215 -71.014455
11.133334 -70.989039
11.164717 -70.933896
11.18611 -70.890021
11.200285 -70.855839
11.211391 -70.825563
11.230003 -70.736958
11.238607 -70.655022
11.236249 -70.621398
11.241946 -70.546815
11.248192 -70.508475
11.262916 -70.492104
11.289997 -70.446672
11.29222 -70.4214
11.331667 -70.323336
11.353051 -70.239186
11.418337 -70.142499
11.430001 -70.095564
11.441314 -70.034868
11.49139 -70.023888
11.517769 -70.047792
11.514718 -69.987645
11.436184 -69.897708
11.426527 -69.874029
11.424583 -69.83667
11.42722 -69.80139
11.499202 -69.742404
11.609443 -69.776118
11.635273 -69.787782
11.690974 -69.816537
11.689579 -69.85737
11.650276 -70.004727
11.603611 -70.180011
11.609164 -70.21404
11.628892 -70.235973
11.655073 -70.226532
11.775277 -70.243902
11.861668 -70.294032
11.899441 -70.293762
11.920276 -70.286661
11.989162 -70.258068
12.080269 -70.20639
12.107773 -70.187499
12.173608 -70.068069
12.197503 -70.014312
12.16972 -69.934725
12.140002 -69.9057
12.071944 -69.859458
12.032776 -69.840567
11.988055 -69.823755
11.916109 -69.816636
11.881108 -69.818895
11.850976 -69.816879
11.794168 -69.804171
11.696113 -69.770844
11.661391 -69.757785
11.570275 -69.719175
11.548891 -69.706116
11.511109 -69.674724
11.467639 -69.631812
11.459161 -69.608484
11.464102 -69.579522
11.486944 -69.555564
11.503477 -69.528897
11.506942 -69.506955
11.498059 -69.444738
11.487574 -69.412716
11.493334 -69.360219
11.512639 -69.327576
11.533951 -69.274872
11.486395 -69.105978
11.451664 -68.953896
11.447083 -68.843682
11.349865 -68.660424
11.290555 -68.60196
11.271808 -68.553477
11.261395 -68.531958
11.179999 -68.418333
11.158057 -68.398614
11.044999 -68.333346
10.874377 -68.242509
10.856665 -68.251959
10.855 -68.305077
10.843606 -68.325291
10.815976 -68.332644
10.767502 -68.328063
10.643887 -68.280561
10.588888 -68.253615
10.514998 -68.185971
10.498888 -68.165145
10.484929 -68.114241
10.493056 -68.077377
10.491112 -68.002227
10.474444 -67.893066
10.464877 -67.867983
10.482769 -67.831956
10.491949 -67.796109
10.532773 -67.543335
10.538056 -67.466943
10.538893 -67.401396
10.538785 -67.392243
10.54666 -67.280292
10.579168 -67.108068
10.610272 -67.002228
10.627777 -66.509739
10.629163 -66.470562
10.625554 -66.418335
10.616113 -66.385008
10.604719 -66.342987
10.612783 -66.323628
10.626022 -66.31029
10.644652 -66.283092
10.640557 -66.229875
10.632502 -66.209733
10.576666 -66.081681
10.526941 -66.118347
10.500004 -66.119724
10.4725 -66.098349
10.443187 -66.068478
10.356661 -65.958615
10.298296 -65.935737
10.228339 -65.814453
10.220419 -65.78667
10.216945 -65.765295
10.219213 -65.725308
10.178056 -65.548062
10.140004 -65.426679
10.115551 -65.276127
10.060552 -65.081394
10.082215 -64.825011
10.089442 -64.788066
10.097218 -64.764459
10.113472 -64.732788
10.179721 -64.714734
10.246663 -64.625976
10.258606 -64.579725
10.249948 -64.534608
10.238059 -64.482507
10.301113 -64.378548
10.337221 -64.395846
10.368892 -64.38474
10.384165 -64.368054
10.45 -64.202517
10.456543 -64.182051
10.456525 -64.09251
10.446391 -64.070847
10.442215 -64.050012
10.440271 -63.876114
10.442215 -63.809442
10.446661 -63.793332
10.471942 -63.715563
10.485559 -63.6975
10.525276 -63.77778
10.551664 -63.83889
10.578475 -63.966393
10.569997 -64.148679
10.550269 -64.200978
10.534024 -64.215846
10.514377 -64.235691
10.534717 -64.258902
10.626526 -64.299591
10.657774 -64.26459
10.638892 -64.236672
10.617922 -64.146807
10.629721 -63.97416
10.64584 -63.842778
10.645552 -63.691947
10.641664 -63.666675
10.627084 -63.534447
10.639999 -63.505557
10.672633 -63.344448
10.670824 -63.286119
10.678339 -63.253062
10.688329 -63.230283
10.719721 -63.172224
10.716391 -62.993754
10.70542 -62.972784
10.699867 -62.95347
10.695835 -62.90667
10.706392 -62.86959
10.731106 -62.791389
10.742221 -62.748333
10.747774 -62.697501
10.735552 -62.538606
10.726948 -62.469999
10.708057 -62.358066
10.700281 -62.301114
10.694161 -62.192511
10.701316 -62.131878
10.728055 -61.983891
10.728325 -61.87959
10.694719 -61.883334
10.661941 -61.921107
10.648891 -61.953057
10.632502 -62.03556
10.627219 -62.085555
10.628191 -62.11458
10.634716 -62.135559
10.63666 -62.162505
10.627012 -62.249175
10.600417 -62.276112
10.583605 -62.287227
10.555273 -62.301393
10.531666 -62.331111
10.53334 -62.449722
10.540414 -62.52723
10.555273 -62.579997
10.568188 -62.649729
10.568053 -62.671113
10.544446 -62.830836
10.528741 -62.912304
10.452979 -63.004239
10.464166 -62.977095
10.490554 -62.934723
10.515628 -62.911179
10.524448 -62.872506
10.511668 -62.838612
10.448335 -62.835552
10.428193 -62.830971
10.397287 -62.837712
10.389862 -62.871813
10.403893 -62.889165
10.416529 -62.911674
10.418473 -62.934309
10.41472 -62.954442
10.406944 -62.98056
10.394164 -63.003681
10.271602 -62.998407
10.279306 -62.934174
10.302922 -62.927649
10.326736 -62.942922
10.375003 -62.95473
10.400896 -62.946666
10.391725 -62.907228
10.374391 -62.884737
10.382356 -62.857089
10.385632 -62.822421
10.401337 -62.790093
10.373815 -62.73639
10.310275 -62.685567
10.280557 -62.666388
10.107154 -62.630631
10.074997 -62.669313
10.065835 -62.709165
10.055269 -62.801388
10.053613 -62.829171
10.081666 -62.891676
10.095004 -62.917497
10.104301 -62.956944
10.101664 -63.008622
10.098694 -63.016803
10.095688 -63.015975
10.068922 -62.983854
10.07722 -62.949717
10.076941 -62.910567
10.046395 -62.87139
10.008613 -62.805285
10.05166 -62.682498
10.059166 -62.662779
10.069444 -62.645562
10.093195 -62.615763
10.127215 -62.605422
10.188613 -62.623332
10.223956 -62.609445
10.225135 -62.577504
10.202221 -62.535285
10.17424 -62.501319
10.153054 -62.48889
10.091107 -62.470278
9.979165 -62.426943
9.881317 -62.372844
9.752842 -62.315181
9.722935 -62.328699
9.712081 -62.322642
9.718471 -62.30043
9.747496 -62.277228
9.766945 -62.268615
9.802774 -62.255007
9.855001 -62.236809
9.879166 -62.237916
9.909721 -62.248338
9.967006 -62.250489
9.914023 -62.205696
9.84277 -62.18073
9.715285 -62.165349
9.641665 -62.196111
9.657424 -62.170767
9.709579 -62.155701
9.752113 -62.130006
9.778942 -62.130834
9.826444 -62.133498
9.866422 -62.027433
9.888742 -62.047332
9.929449 -62.112231
9.937774 -62.131959
9.944236 -62.165142
9.938332 -62.201538
9.96472 -62.231733
10.011034 -62.209233
10.014715 -62.178894
9.986392 -62.075565
9.9775 -62.053893
9.911944 -61.962228
9.757891 -61.811676
9.60094 -61.735833
9.626113 -61.729443
9.64666 -61.728615
9.698743 -61.73334
9.757774 -61.764723
9.778528 -61.782084
9.812269 -61.800921
9.831106 -61.792785
9.830269 -61.771941
9.811108 -61.712784
9.796528 -61.673337
9.790552 -61.654167
9.782776 -61.59771
9.800695 -61.57458
9.819163 -61.584723
9.8443 -61.618752
9.897364 -61.648056
9.905275 -61.619868
9.885277 -61.572501
9.875557 -61.554177
9.823609 -61.480566
9.787636 -61.44723
9.733888 -61.425774
9.704719 -61.407225
9.680275 -61.383051
9.588889 -61.25598
9.578368 -61.197534
9.58222 -61.084161
9.576613 -61.046451
9.575551 -61.043337
9.5518 -60.987573
9.532504 -60.959727
9.444448 -60.853617
9.379306 -60.798204
9.332218 -60.782994
9.305002 -60.783615
9.268894 -60.818895
9.263332 -60.847092
9.236665 -60.912225
9.188605 -60.98778
9.118891 -61.071111
9.097498 -61.084593
9.043957 -61.098129
9.07597 -61.074306
9.095275 -61.058754
9.175213 -60.972705
9.175132 -60.950493
9.154162 -60.955839
9.032086 -61.031538
8.994997 -61.077366
8.972776 -61.093332
8.963335 -61.097778
8.898058 -61.119729
8.727778 -61.183332
8.679997 -61.191675
8.624719 -61.192647
8.595136 -61.210206
8.581456 -61.250913
8.596108 -61.327782
8.601661 -61.436673
8.59042 -61.519725
8.59861 -61.557228
8.616943 -61.595415
8.554996 -61.598889
8.511661 -61.488063
8.474446 -61.393887
8.430832 -61.329177
8.462845 -61.220286
8.495767 -61.168473
8.493058 -61.07751
8.463745 -61.073478
8.447086 -61.084593
8.421391 -61.086105
8.402914 -61.073541
8.469163 -61.017786
8.525971 -60.987087
8.564446 -60.981255
8.582221 -60.902226
8.604586 -60.715836
8.595415 -60.68223
8.579584 -60.65973
8.55118 -60.627159
8.528266 -60.465834
8.573887 -60.428061
8.621596 -60.408756
8.63236 -60.382152
8.6275 -60.236118
8.621947 -60.205833
8.602777 -60.139305
8.553889 -60.025284
8.544997 -60.006393
8.535277 -59.990283
8.514028 -59.958198
8.484166 -59.929308
8.445763 -59.902569
8.421661 -59.889456
8.397217 -59.872509
8.379442 -59.855832
8.361667 -59.831676
8.340976 -59.786253
8.349031 -59.764725
8.380972 -59.779305
8.40736 -59.764212
8.360002 -59.668335
8.349445 -59.650839
8.173891 -59.355837
8.056387 -59.154723
8.039998 -59.129307
8.01847 -59.109444
7.987006 -59.093469
7.969168 -59.075838
7.851106 -58.943889
7.730551 -58.806945
7.679719 -58.768893
7.636105 -58.751397
7.594372 -58.717368
7.569442 -58.641948
7.368607 -58.485285
7.337575 -58.468545
7.13584 -58.465566
7.114996 -58.466664
7.00993 -58.481523
6.989446 -58.497507
6.980257 -58.510746
6.960691 -58.537089
6.937498 -58.555701
6.916393 -58.563054
6.801805 -58.594032
6.77431 -58.598622
6.656662 -58.60917
6.489487 -58.619088
6.421942 -58.637088
6.413941 -58.600728
6.419998 -58.593339
6.464971 -58.581324
6.509863 -58.574034
6.532498 -58.572783
6.562216 -58.576122
6.602635 -58.573197
6.678262 -58.549725
6.794443 -58.479444
6.827779 -58.456953
6.870286 -58.419729
6.879313 -58.398336
6.894235 -58.316598
6.876109 -58.255695
6.843052 -58.208616
6.812218 -58.172616
6.828193 -58.15494
6.815557 -58.038894
6.790555 -57.986388
6.775417 -57.966669
6.750559 -57.943332
6.731668 -57.92778
6.711112 -57.914451
6.689863 -57.897918
6.674167 -57.88251
6.570001 -57.757779
6.48514 -57.640698
6.434578 -57.594312
6.290344 -57.521394
6.27076 -57.519189
6.338683 -57.498615
6.340276 -57.469716
6.290002 -57.363615
6.27472 -57.336669
6.211387 -57.261114
6.169168 -57.220281
6.139306 -57.194307
6.108337 -57.177783
6.056947 -57.162366
5.954104 -57.135762
5.637502 -57.175281
5.600692 -57.182778
5.568895 -57.195567
5.486113 -57.248505
5.518891 -57.184308
5.541391 -57.167424
5.671666 -57.138894
5.692501 -57.135969
5.767498 -57.132504
5.941738 -57.06792
5.989447 -56.9925
5.997079 -56.964447
5.965552 -56.700567
5.940496 -56.603619
5.948335 -56.554452
5.945419 -56.480013
5.88916 -56.260557
5.818339 -56.017782
5.778361 -55.910556
5.730274 -55.894446
5.674447 -55.898613
5.671909 -55.899558
5.683051 -55.885977
5.717638 -55.877778
5.775832 -55.891107
5.876074 -55.922715
5.948893 -55.855836
5.958334 -55.827783
5.967217 -55.768068
5.974444 -55.620279
5.977783 -55.548621
5.964166 -55.412784
5.959999 -55.377225
5.950135 -55.339029
5.923612 -55.266669
5.915836 -55.253889
5.898052 -55.230561
5.907214 -55.175004
5.876983 -55.115559
5.840002 -55.114029
5.822173 -55.127961
5.839444 -55.104444
5.850415 -55.016109
5.846113 -54.946674
5.85514 -54.864441
5.879548 -54.887292
5.873338 -54.968895
5.86576 -54.995346
5.904586 -55.106253
5.93416 -55.144728
5.963401 -55.159443
6.001813 -55.047366
5.988052 -54.970281
5.985271 -54.876942
5.982499 -54.779445
5.962438 -54.709947
5.954716 -54.639162
5.906944 -54.344457
5.898052 -54.29862
5.879719 -54.204723
5.871394 -54.178605
5.818609 -54.02556
5.746942 -53.990208
5.721247 -54.006525
5.653549 -54.046467
5.590207 -54.051534
5.527081 -54.051813
5.491531 -54.067779
5.458051 -54.095832
5.4316 -54.120492
5.395276 -54.142227
5.347396 -54.16668
5.357773 -54.13986
5.391946 -54.091665
5.418055 -54.069588
5.43736 -54.058203
5.544793 -54.006732
5.57569 -54.003888
5.605975 -54.011115
5.641525 -54.005697
5.673052 -53.992224
5.690557 -53.981676
5.744719 -53.939727
5.750281 -53.911395
5.75542 -53.85861
5.73139 -53.750835
5.673052 -53.63667
5.604715 -53.522361
5.58028 -53.499177
5.572342 -53.494335
5.568058 -53.483607
5.548888 -53.40834
5.523058 -53.302779
5.499163 -53.186391
5.483332 -53.084448
5.473054 -52.973199
5.458339 -52.937784
5.420278 -52.886538
5.341942 -52.799724
5.321944 -52.787511
5.260555 -52.736391
5.129443 -52.61112
5.096665 -52.567506
4.992499 -52.422228
4.948894 -52.330698
4.9384 -52.28973
4.733893 -52.064442
4.685689 -52.023474
4.643056 -51.996942
4.613608 -51.985278
4.586941 -51.978051
4.49236 -51.956253
4.456666 -51.950835
4.423888 -51.950835
4.400137 -51.96042
4.368889 -52.001253
4.352365 -52.029036
4.334581 -52.040691
4.348189 -51.991947
4.372633 -51.951186
4.400839 -51.9282
4.427083 -51.923619
4.465279 -51.926391
4.486807 -51.929307
4.529161 -51.931404
4.570003 -51.931404
4.62097 -51.924447
4.64653 -51.915555
4.661812 -51.900012
4.65931 -51.8616
4.605553 -51.794442
4.537639 -51.767019
4.50028 -51.759171
4.477222 -51.75639
4.45528 -51.752502
4.421107 -51.744177
4.312918 -51.713892
4.287079 -51.702498
4.253338 -51.674445
4.22542 -51.655698
4.200274 -51.648471
4.167217 -51.648057
4.13722 -51.652224
4.081105 -51.661044
4.049443 -51.674445
4.034161 -51.684066
4.036159 -51.673338
4.057084 -51.636942
4.096387 -51.614172
4.116106 -51.606675
4.153609 -51.540282
4.059721 -51.504444
3.972502 -51.44778
4.021111 -51.459444
4.055275 -51.48
4.114162 -51.503067
4.134448 -51.510285
4.260286 -51.548616
4.281391 -51.554727
4.304719 -51.558894
4.330837 -51.56001
4.364164 -51.559443
4.385692 -51.54813
4.230271 -51.332094
4.152502 -51.259311
4.073887 -51.201117
4.055833 -51.191388
3.997216 -51.167502
3.895282 -51.165558
3.875554 -51.137505
3.906523 -51.117084
3.912841 -51.092991
3.886813 -51.079446
3.733336 -51.07167
3.636523 -51.078753
3.585556 -51.077223
3.378889 -51.066117
3.33055 -51.061392
3.281941 -51.055281
3.258613 -51.051114
3.130003 -51.02361
3.108052 -51.018057
3.042496 -50.992227
2.87389 -50.91417
2.740555 -50.850279
2.657773 -50.826114
2.619442 -50.816673
2.487214 -50.783337
2.164717 -50.679729
2.027782 -50.593338
1.886113 -50.501403
1.863334 -50.485554
1.842499 -50.466942
1.82584 -50.445279
1.81972 -50.402502
1.829998 -50.328054
1.825003 -50.193198
1.780003 -50.048622
1.764721 -50.015007
1.709929 -49.932081
1.580554 -49.88889
1.559449 -49.88556
1.538893 -49.882509
1.5175 -49.881393
1.445554 -49.878621
1.324234 -49.892994
1.262368 -49.975416
1.254448 -50.022513
1.248895 -50.043618
1.23472 -50.086107
1.213399 -50.110551
1.209583 -50.07042
1.223056 -49.995567
1.231246 -49.966677
1.250002 -49.929174
1.235278 -49.911255
1.197082 -49.90347
1.174447 -49.9032
1.150282 -49.914729
1.118476 -49.940973
1.086661 -49.980969
0.888607 -50.236947
0.753058 -50.312223
0.722215 -50.351958
0.690553 -50.396526
0.679717 -50.420007
0.661807 -50.450013
0.622216 -50.471946
0.583606 -50.488614
0.547498 -50.507505
0.439714 -50.564448
0.421948 -50.574177
0.389719 -50.596677
0.336394 -50.640012
0.195976 -50.760414
0.176941 -50.782779
0.166393 -50.805
0.172918 -50.824593
0.172504 -50.865282
0.16084 -50.911947
0.152632 -50.937921
0.138745 -50.958054
0.109864 -50.985
0.082783 -51.005835
0.034867 -51.040692
0.000001 -51.060564
-0.025136 -51.068061
-0.050282 -51.086673
-0.053612 -51.091218
-0.062504 -51.103053
-0.082502 -51.138621
-0.094031 -51.164442
-0.097784 -51.187779
-0.102914 -51.210702
-0.116423 -51.225093
-0.137636 -51.25347
-0.191393 -51.297498
-0.224999 -51.319161
-0.276389 -51.349725
-0.296108 -51.35751
-0.326735 -51.364449
-0.368054 -51.381387
-0.403055 -51.401115
-0.488474 -51.453063
-0.505556 -51.470145
-0.530279 -51.50709
-0.635138 -51.60501
-0.752498 -51.699996
-0.786806 -51.713757
-0.869714 -51.721119
-0.907496 -51.723063
-0.95264 -51.720417
-0.980837 -51.714441
-1.023821 -51.712299
-1.140281 -51.837093
-1.149164 -51.876675
-1.150559 -51.901389
-1.166732 -51.919659
-1.19834 -51.935418
-1.245833 -51.922503
-1.300976 -51.916806
-1.334861 -51.927507
-1.406528 -52.01028
-1.418192 -52.045704
-1.419578 -52.075566
-1.41722 -52.099587
-1.405556 -52.131663
-1.374722 -52.164459
-1.354445 -52.18542
-1.344923 -52.227648
-1.446947 -52.443891
-1.48202 -52.467705
-1.528469 -52.570359
-1.527362 -52.610553
-1.535003 -52.637508
-1.565558 -52.709724
-1.603052 -52.706952
-1.573334 -52.522227
-1.535003 -52.293339
-1.54097 -52.273332
-1.577636 -52.237224
-1.607219 -52.22862
-1.649969 -52.228404
-1.668014 -52.238925
-1.681928 -52.268247
-1.70486 -52.249077
-1.69208 -52.208469
-1.666511 -52.194933
-1.644713 -52.178022
-1.627406 -52.153209
-1.619522 -52.128018
-1.626668 -52.087788
-1.609361 -52.05357
-1.616813 -52.015428
-1.589867 -51.946677
-1.553057 -51.873759
-1.529441 -51.849441
-1.504718 -51.819453
-1.402361 -51.663339
-1.393892 -51.635556
-1.389023 -51.605973
-1.379447 -51.567507
-1.347785 -51.488892
-1.327085 -51.449454
-1.208267 -51.24681
-1.143818 -51.212223
-1.110554 -51.169176
-1.082222 -51.114726
-1.060973 -51.060699
-1.045133 -51.035283
-0.998612 -50.992785
-0.979307 -50.998203
-0.955421 -51.008472
-0.928745 -50.995341
-0.910835 -50.922783
-0.915002 -50.852916
-0.928745 -50.826465
-1.173887 -50.802228
-1.211525 -50.804586
-1.250972 -50.815278
-1.279025 -50.825979
-1.340135 -50.835492
-1.44458 -50.814594
-1.548053 -50.762511
-1.567214 -50.74056
-1.599443 -50.704443
-1.617218 -50.687784
-1.635416 -50.678757
-1.741454 -50.659659
-1.771667 -50.667228
-1.890071 -50.784867
-1.898333 -50.814729
-1.864862 -50.870286
-1.831391 -50.986944
-1.811663 -51.067989
-1.820555 -51.127713
-1.753613 -51.263892
-1.709585 -51.280839
-1.681604 -51.280416
-1.660832 -51.303888
-1.647431 -51.336603
-1.781387 -51.419169
-1.893608 -51.482781
-1.93472 -51.496677
-1.972502 -51.506955
-2.024441 -51.517782
-2.046392 -51.521949
-2.238128 -51.478191
-2.279168 -51.447231
-2.319236 -51.388416
-2.289446 -51.409449
-2.273057 -51.430833
-2.245976 -51.453063
-2.072366 -51.480837
-2.039165 -51.472917
-1.868336 -51.374457
-1.766906 -51.308226
-1.824443 -51.188337
-1.842785 -51.160284
-1.871666 -51.153336
-1.927214 -51.090003
-2.011526 -51.003891
-2.02958 -50.99112
-2.110832 -50.994999
-2.15972 -51.0075
-2.180285 -51.021387
-2.195 -51.054588
-2.345003 -51.029163
-2.385278 -51.015006
-2.417786 -50.996106
-2.444165 -50.964174
-2.466107 -50.924448
-2.475764 -50.876946
-2.502503 -50.860557
-2.507498 -50.843817
-2.466458 -50.86584
-2.459861 -50.890149
-2.451113 -50.915421
-2.383757 -50.99202
-2.339864 -51.006258
-2.305835 -51.006663
-2.200553 -50.999724
-2.069162 -50.984307
-1.992572 -50.931666
-2.039444 -50.840001
-2.117015 -50.787081
-2.168054 -50.793066
-2.22326 -50.716458
-2.20472 -50.700141
-2.171942 -50.730282
-2.123612 -50.763888
-2.038895 -50.803758
-1.988054 -50.823054
-1.960001 -50.822919
-1.939445 -50.805837
-1.810448 -50.677956
-1.816388 -50.574177
-1.8575 -50.450697
-1.893887 -50.428827
-1.913606 -50.458887
-1.93202 -50.467707
-1.950137 -50.447079
-1.952216 -50.416389
-1.948058 -50.370561
-1.94111 -50.350284
-1.915001 -50.321403
-1.904165 -50.30334
-1.883051 -50.265009
-1.820969 -50.002848
-1.834163 -49.953339
-1.882502 -49.87278
-1.902779 -49.841667
-1.875482 -49.638339
-1.849166 -49.570011
-1.816388 -49.531113
-1.799441 -49.520286
-1.784312 -49.504446
-1.762496 -49.474161
-1.746251 -49.441941
-1.713059 -49.330278
-1.717712 -49.280913
-1.766393 -49.276944
-1.789865 -49.285701
-1.929446 -49.367502
-2.025278 -49.407786
-2.121668 -49.423203
-2.190833 -49.452633
-2.211524 -49.476258
-2.257496 -49.505832
-2.314448 -49.50639
-2.348477 -49.490982
-2.385557 -49.474728
-2.406113 -49.469454
-2.429999 -49.469454
-2.48084 -49.474728
-2.564999 -49.49001
-2.518334 -49.451661
-2.488193 -49.433751
-2.452364 -49.436118
-2.397842 -49.43313
-2.350286 -49.415697
-2.267216 -49.368618
-2.20472 -49.334445
-2.145833 -49.311387
-2.101391 -49.300839
-1.99889 -49.262229
-1.898054 -49.190562
-1.880837 -49.173471
-1.877579 -49.124574
-1.855133 -49.087368
-1.858895 -49.050135
-1.853189 -49.002507
-1.840553 -48.970494
-1.753334 -48.914451
-1.644443 -48.817782
-1.571948 -48.773889
-1.498607 -48.730698
-1.469168 -48.697227
-1.484945 -48.672189
-1.500803 -48.64662
-1.490543 -48.623787
-1.471166 -48.606849
-1.549718 -48.548889
-1.581947 -48.539862
-1.621943 -48.503196
-1.660283 -48.427227
-1.64042 -48.424446
-1.612502 -48.430557
-1.591109 -48.438054
-1.564442 -48.453201
-1.499444 -48.41361
-1.497221 -48.346947
-1.466252 -48.188961
-1.450691 -48.214305
-1.44584 -48.255012
-1.447361 -48.298887
-1.449998 -48.332502
-1.456523 -48.391812
-1.465136 -48.42792
-1.474721 -48.448332
-1.475279 -48.480003
-1.461455 -48.499731
-1.408895 -48.498894
-1.304864 -48.481182
-1.286387 -48.448332
-1.29653 -48.425697
-1.310552 -48.40542
-1.3175 -48.339801
-1.157498 -48.279168
-1.117781 -48.271122
-1.04111 -48.309444
-1.028339 -48.314862
-1.007504 -48.317778
-0.984716 -48.312783
-0.944999 -48.292227
-0.867779 -48.238065
-0.708056 -48.056391
-0.70271 -48.033198
-0.737504 -47.996118
-0.757502 -47.989098
-0.776258 -47.96181
-0.728819 -47.892078
-0.690839 -47.848068
-0.641735 -47.773962
-0.637361 -47.744595
-0.66653 -47.719035
-0.70298 -47.712501
-0.746459 -47.732958
-0.736109 -47.664459
-0.71972 -47.640006
-0.698471 -47.612367
-0.67778 -47.598615
-0.648404 -47.589381
-0.635975 -47.548755
-0.645695 -47.530836
-0.735551 -47.483613
-0.81278 -47.398068
-0.776528 -47.385
-0.751949 -47.392227
-0.723059 -47.432223
-0.718334 -47.453337
-0.699722 -47.462499
-0.622367 -47.470554
-0.594998 -47.459592
-0.582497 -47.431404
-0.599165 -47.285568
-0.641393 -47.209797
-0.707219 -47.170278
-0.753335 -47.065563
-0.702782 -46.959723
-0.840554 -46.926045
-0.860282 -46.957779
-0.898469 -46.960002
-0.864998 -46.901115
-0.778607 -46.866951
-0.713195 -46.826676
-0.727919 -46.802511
-0.76139 -46.80306
-0.813608 -46.816947
-0.842219 -46.790838
-0.829997 -46.745568
-0.825623 -46.630134
-0.867779 -46.601109
-0.975977 -46.5714
-1.037501 -46.610001
-1.022633 -46.598067
-1.005074 -46.555776
-1.028753 -46.539306
-1.043054 -46.448334
-1.037501 -46.418067
-0.988892 -46.261674
-0.9575 -46.191942
-1.059443 -46.21167
-1.143053 -46.246671
-1.177784 -46.259442
-1.146392 -46.164996
-1.106108 -46.127502
-1.178891 -46.091115
-1.210274 -46.087101
-1.210283 -46.046673
-1.194722 -46.031121
-1.159865 -46.035144
-1.111526 -46.013067
-1.077497 -45.975699
-1.140695 -45.89001
-1.171394 -45.876672
-1.236113 -45.86112
-1.259522 -45.861525
-1.267496 -45.784998
-1.179998 -45.735552
-1.218887 -45.71973
-1.368683 -45.696186
-1.371455 -45.632916
-1.340135 -45.614313
-1.308887 -45.616671
-1.27952 -45.610002
-1.276946 -45.555552
-1.31084 -45.446949
-1.355552 -45.414999
-1.464866 -45.506457
-1.510073 -45.463275
-1.545551 -45.462231
-1.543751 -45.454032
-1.41389 -45.384723
-1.336733 -45.356112
-1.314584 -45.35334
-1.314719 -45.324729
-1.337633 -45.310419
-1.380554 -45.29916
-1.418057 -45.299313
-1.440836 -45.317214
-1.477214 -45.355284
-1.540835 -45.37251
-1.715552 -45.367092
-1.73681 -45.350703
-1.744442 -45.320832
-1.735478 -45.283824
-1.675835 -45.222291
-1.643192 -45.240147
-1.611242 -45.252225
-1.572713 -45.243549
-1.52 -45.198621
-1.480418 -45.158751
-1.464029 -45.091674
-1.489166 -45.004716
-1.502216 -44.955
-1.43063 -44.858889
-1.46708 -44.848197
-1.489715 -44.855838
-1.502972 -44.879013
-1.546109 -44.915283
-1.601666 -44.951391
-1.619162 -44.934723
-1.63916 -44.913609
-1.615283 -44.907228
-1.576322 -44.827218
-1.607786 -44.798067
-1.626947 -44.790282
-1.705004 -44.799174
-1.793609 -44.719731
-1.817783 -44.695008
-1.789163 -44.640009
-1.816667 -44.569161
-1.832219 -44.538894
-1.859165 -44.527779
-1.907504 -44.51139
-1.986668 -44.489727
-2.047634 -44.496531
-2.170286 -44.588889
-2.223611 -44.636949
-2.281112 -44.661393
-2.323682 -44.65494
-2.283893 -44.634177
-2.257082 -44.616258
-2.148542 -44.50437
-2.146391 -44.450838
-2.156453 -44.428131
-2.198753 -44.395002
-2.29472 -44.366391
-2.32028 -44.361675
-2.341943 -44.360559
-2.399516 -44.379099
-2.410001 -44.406387
-2.41208 -44.441532
-2.470832 -44.507511
-2.566808 -44.582094
-2.616668 -44.577783
-2.674718 -44.608338
-2.768057 -44.651808
-2.912498 -44.682498
-2.995136 -44.691462
-3.016808 -44.67771
-3.03416 -44.623611
-3.055139 -44.625969
-3.193334 -44.756388
-3.204521 -44.783892
-3.2975 -44.786394
-3.274442 -44.753337
-3.188051 -44.659998
-3.110003 -44.616105
-3.05639 -44.54667
-3.008195 -44.480286
-2.983058 -44.456949
-2.954996 -44.436951
-2.934449 -44.423064
-2.898053 -44.410563
-2.868056 -44.405559
-2.701394 -44.384175
-2.555279 -44.367498
-2.526668 -44.356941
-2.481389 -44.283204
-2.482784 -44.256393
-2.473469 -44.211942
-2.453606 -44.1675
-2.425688 -44.123751
-2.413889 -44.10486
-2.405834 -44.063334
-2.41361 -44.033895
-2.518892 -44.029026
-2.547638 -44.041941
-2.668058 -44.132922
-2.690135 -44.162091
-2.695418 -44.187093
-2.713337 -44.232786
-2.733605 -44.267229
-2.780801 -44.338374
-2.827367 -44.340354
-2.835341 -44.293338
-2.810285 -44.277498
-2.783123 -44.26452
-2.763404 -44.190639
-2.816567 -44.176806
-2.849516 -44.214372
-2.868893 -44.198334
-2.848058 -44.177778
-2.770838 -44.121114
-2.651111 -44.021394
-2.633057 -44.005284
-2.548475 -43.928334
-2.569715 -43.873065
-2.551661 -43.799787
-2.51 -43.707501
-2.523059 -43.560279
-2.537783 -43.448337
-2.458052 -43.458336
-2.410973 -43.478622
-2.382785 -43.477713
-2.367917 -43.438338
-2.365838 -43.347501
-2.367638 -43.321662
-2.373335 -43.28334
-2.397914 -43.169247
-2.425832 -43.115832
-2.453894 -43.039728
-2.465342 -43.000839
-2.465693 -42.963066
-2.472218 -42.934104
-2.503052 -42.890013
-2.560904 -42.796179
-2.558051 -42.755013
-2.562785 -42.706674
-2.583125 -42.682302
-2.646395 -42.625836
-2.731661 -42.504444
-2.750687 -42.4575
-2.768894 -42.3441
-2.759714 -42.31278
-2.754161 -42.291387
-2.756528 -42.269868
-2.805695 -42.233751
-2.83778 -42.235839
-2.833055 -42.233607
-2.808818 -42.211674
-2.802779 -42.110001
-2.819447 -42.061671
-2.830004 -42.027498
-2.844998 -41.952087
-2.820554 -41.936805
-2.78702 -41.935347
-2.756807 -41.978196
-2.745557 -41.949441
-2.732219 -41.870835
-2.739617 -41.834349
-2.766914 -41.840262
-2.762216 -41.826393
-2.774717 -41.793066
-2.813336 -41.727231
-2.830283 -41.699448
-2.844449 -41.679864
-2.863268 -41.666526
-2.864096 -41.694516
-2.883059 -41.674725
-2.904578 -41.603895
-2.912363 -41.519997
-2.906387 -41.495283
-2.897423 -41.475762
-2.908475 -41.401395
-2.930417 -41.332095
-2.985281 -41.268888
-3.023558 -41.248071
-3.014999 -41.236047
-2.975003 -41.238477
-2.932361 -41.263893
-2.880278 -41.222781
-2.872781 -40.910283
-2.865833 -40.790835
-2.839715 -40.656393
-2.839715 -40.630833
-2.838338 -40.605696
-2.821661 -40.548888
-2.802221 -40.506948
-2.79584 -40.472784
-2.805551 -40.320558
-2.819996 -40.19112
-2.846528 -39.998754
-2.919023 -39.863196
-2.954861 -39.830283
-3.015278 -39.738618
-3.025835 -39.717225
-3.093605 -39.575286
-3.155552 -39.474864
-3.189581 -39.380832
-3.289445 -39.220002
-3.382784 -39.072231
-3.386663 -39.023055
-3.395555 -38.994444
-3.420836 -38.957778
-3.46166 -38.930283
-3.542786 -38.852496
-3.678605 -38.661255
-3.690278 -38.635551
-3.720833 -38.530143
-3.724865 -38.496537
-3.911948 -38.33973
-3.93569 -38.311956
-3.943187 -38.291805
-3.95153 -38.261943
-4.057217 -38.177505
-4.09139 -38.16396
-4.121666 -38.141397
-4.157918 -38.108754
-4.196807 -38.072223
-4.253237 -38.011374
-4.317785 -37.91889
-4.394996 -37.805553
-4.484726 -37.731942
-4.523129 -37.712223
-4.586948 -37.645146
-4.617503 -37.596258
-4.639445 -37.549026
-4.641389 -37.475568
-4.657778 -37.422504
-4.690556 -37.344456
-4.700834 -37.323612
-4.726106 -37.289727
-4.743611 -37.27278
-4.831406 -37.24092
-4.859729 -37.225422
-4.879862 -37.211112
-4.918607 -37.174446
-4.928057 -37.155834
-4.930136 -37.125279
-4.928336 -37.068336
-4.927922 -36.955566
-4.95368 -36.877095
-5.014448 -36.817506
-5.03666 -36.804933
-5.066666 -36.769176
-5.098472 -36.684585
-5.099444 -36.612783
-5.088059 -36.58167
-5.077781 -36.4707
-5.080832 -36.424728
-5.094161 -36.340839
-5.111108 -36.286524
-5.095835 -36.123759
-5.074163 -36.068895
-5.050835 -36.004446
-5.049161 -35.974305
-5.052221 -35.934723
-5.078888 -35.849727
-5.108057 -35.686107
-5.110838 -35.641674
-5.110838 -35.604441
-5.149862 -35.51139
-5.166107 -35.479728
-5.218469 -35.414442
-5.27903 -35.373204
-5.386661 -35.315568
-5.583608 -35.225568
-5.698124 -35.193546
-5.746526 -35.195697
-5.938892 -35.145567
-5.959448 -35.131806
-6.091667 -35.100837
-6.178895 -35.092782
-6.199163 -35.087778
-6.233894 -35.041392
-6.406388 -34.980282
-6.438887 -34.971948
-6.482501 -34.967223
-6.504083 -34.966359
-6.541109 -34.961112
-6.602786 -34.964028
-6.627914 -34.965279
-6.657497 -34.960554
-6.678611 -34.954443
-6.906662 -34.883055
-6.938612 -34.868052
-6.979616 -34.863966
-7.039997 -34.875558
-7.068851 -34.899516
-7.097948 -34.8984
-7.125254 -34.901289
-7.077437 -34.864101
-7.021511 -34.847325
-6.981803 -34.831287
-7.03232 -34.823835
-7.062893 -34.836507
-7.108613 -34.830837
-7.172783 -34.79292
-7.336394 -34.799445
-7.389161 -34.801947
-7.504163 -34.810281
-7.542782 -34.83306
-7.543088 -34.893198
-7.557785 -34.837092
-7.590284 -34.818606
-7.636247 -34.801812
-7.682633 -34.827363
-7.699715 -34.854723
-7.74584 -34.883055
-7.78139 -34.890012
-7.812017 -34.889931
-7.832231 -34.86528
-7.835552 -34.844724
-7.867223 -34.827786
-7.909586 -34.815834
-7.935281 -34.815285
-8.009306 -34.830981
-8.062919 -34.846389
-8.073053 -34.86501
-8.195282 -34.90416
-8.342504 -34.941114
-8.616113 -35.041941
-8.673056 -35.06778
-8.776106 -35.105004
-8.87084 -35.131959
-8.913311 -35.148888
-8.955557 -35.164035
-8.986661 -35.181117
-9.010286 -35.199306
-9.030554 -35.220564
-9.165761 -35.289522
-9.228887 -35.327511
-9.290285 -35.376948
-9.319445 -35.401941
-9.555281 -35.618904
-9.610838 -35.674443
-9.709208 -35.777223
-9.783224 -35.848458
-9.840284 -35.878068
-9.882224 -35.906112
-10.073951 -36.043128
-10.152215 -36.127782
-10.176389 -36.165834
-10.219724 -36.220833
-10.25666 -36.256113
-10.295414 -36.285147
-10.385558 -36.320553
-10.489166 -36.389862
-10.498787 -36.404829
-10.518893 -36.463059
-10.530278 -36.520839
-10.547225 -36.557496
-10.607228 -36.657225
-10.633337 -36.700281
-10.733894 -36.850284
-10.79 -36.912366
-10.847366 -36.955278
-10.908053 -36.995004
-10.929725 -37.011942
-10.928753 -37.032291
-10.892501 -37.036251
-10.858895 -37.02528
-10.799162 -37.058616
-10.743893 -37.092231
-10.754027 -37.155699
-10.827638 -37.134099
-10.827368 -37.084167
-10.82708 -37.054593
-10.842497 -37.03986
-10.967228 -37.073052
-11.099789 -37.15452
-11.077226 -37.188477
-11.056805 -37.192365
-11.035286 -37.212363
-11.026394 -37.238895
-11.025206 -37.275624
-11.06819 -37.262916
-11.09861 -37.225008
-11.107223 -37.190286
-11.219444 -37.207224
-11.292056 -37.262502
-11.31389 -37.274013
-11.386106 -37.311669
-11.420072 -37.322091
-11.429864 -37.371879
-11.400839 -37.391112
-11.312216 -37.360143
-11.304161 -37.33416
-11.276999 -37.313919
-11.247335 -37.297836
-11.211254 -37.290141
-11.187503 -37.342368
-11.23028 -37.336113
-11.301812 -37.364589
-11.333888 -37.395279
-11.402783 -37.412226
-11.447783 -37.3941
-11.48084 -37.410975
-11.504996 -37.449171
-11.514446 -37.467783
-11.520224 -37.487907
-11.519162 -37.446669
-11.54528 -37.423332
-11.610278 -37.455282
-11.852225 -37.566531
-11.886389 -37.58112
-11.940281 -37.60362
-11.975003 -37.617498
-12.003056 -37.631106
-12.058334 -37.659177
-12.102497 -37.684449
-12.128606 -37.70028
-12.258332 -37.79334
-12.366395 -37.871676
-12.429728 -37.929726
-12.476105 -37.954656
-12.576113 -37.995561
-12.633056 -38.041389
-12.937229 -38.317914
-12.960422 -38.350278
-13.0166 -38.474658
-13.016006 -38.53053
-12.926258 -38.511387
-12.916808 -38.48778
-12.847706 -38.478753
-12.726458 -38.507364
-12.725558 -38.549727
-12.721112 -38.60973
-12.710555 -38.626947
-12.687785 -38.641941
-12.62861 -38.654442
-12.581108 -38.697993
-12.618611 -38.721672
-12.722885 -38.748267
-12.764996 -38.75112
-12.819581 -38.783196
-12.843548 -38.81826
-12.825278 -38.854305
-12.756662 -38.875284
-12.715694 -38.885553
-12.695282 -38.878758
-12.687155 -38.859102
-12.662783 -38.861181
-12.705551 -38.901114
-12.743612 -38.917224
-12.78584 -38.897784
-12.849866 -38.857644
-12.864311 -38.827854
-12.854726 -38.804031
-12.871259 -38.730132
-12.985001 -38.759445
-13.020839 -38.786121
-13.056947 -38.836809
-13.171256 -38.852919
-13.231943 -38.932713
-13.273892 -38.955285
-13.293611 -38.96334
-13.326389 -38.968335
-13.380002 -38.956671
-13.373054 -38.968893
-13.360004 -38.99889
-13.355837 -39.043332
-13.380281 -39.057093
-13.538339 -39.080286
-13.493339 -39.057057
-13.506254 -39.009033
-13.540283 -38.993616
-13.565951 -39.008061
-13.604885 -39.004038
-13.623677 -38.984571
-13.68611 -38.963475
-13.791113 -38.999457
-13.84334 -39.030012
-13.972229 -39.009726
-14.010839 -38.995002
-14.058341 -38.99331
-14.089166 -39.028617
-14.075279 -39.065418
-14.146109 -39.074589
-14.174999 -39.036528
-14.067638 -38.959308
-14.045003 -38.956671
-13.985279 -38.969172
-13.954445 -38.97639
-13.929479 -38.989134
-13.891598 -38.936529
-13.925132 -38.920698
-14.035283 -38.92473
-14.113682 -38.952198
-14.198471 -38.986254
-14.244443 -38.991105
-14.33861 -39.001401
-14.53778 -39.033891
-14.626259 -39.060144
-14.650415 -39.066669
-14.714441 -39.063339
-14.804441 -39.053754
-14.821667 -39.040002
-14.981813 -39.003615
-15.044723 -39.002499
-15.264161 -38.991393
-15.546113 -38.951955
-15.662231 -38.935566
-15.743888 -38.910564
-15.795278 -38.886669
-15.874172 -38.871945
-16.079174 -38.944161
-16.286948 -39.013893
-16.421669 -39.046671
-16.49861 -39.064446
-16.562501 -39.077226
-16.607501 -39.081393
-16.632224 -39.084444
-16.697987 -39.100554
-16.727921 -39.117915
-16.760555 -39.130839
-16.788203 -39.134727
-16.850285 -39.136122
-16.871525 -39.129867
-16.936946 -39.141108
-17.041661 -39.169449
-17.132498 -39.198753
-17.166122 -39.209031
-17.252225 -39.213333
-17.309726 -39.214728
-17.379449 -39.210552
-17.545283 -39.194451
-17.581526 -39.189591
-17.60597 -39.183066
-17.643887 -39.161259
-17.666945 -39.138201
-17.686322 -39.132225
-17.869166 -39.275559
-17.88236 -39.29778
-17.894996 -39.328056
-17.910278 -39.391677
-17.925416 -39.424311
-17.949716 -39.451662
-18.016946 -39.504717
-18.187919 -39.625974
-18.231254 -39.646251
-18.278621 -39.658617
-18.325601 -39.668931
-18.365552 -39.684726
-18.4607 -39.713202
-18.530144 -39.728196
-18.673622 -39.744729
-18.705284 -39.748068
-18.79334 -39.746943
-18.923894 -39.740283
-19.024442 -39.730833
-19.079171 -39.723336
-19.106945 -39.716667
-19.201256 -39.703473
-19.298888 -39.694167
-19.319444 -39.694455
-19.393055 -39.699171
-19.42361 -39.70404
-19.44917 -39.714174
-19.603619 -39.787506
-19.642022 -39.809934
-19.673333 -39.873609
-19.68236 -39.896811
-19.698056 -39.935007
-19.726388 -39.985839
-19.741391 -40.006674
-19.762784 -40.021119
-19.964726 -40.128066
-20.025557 -40.145283
-20.118338 -40.167504
-20.194586 -40.190832
-20.283821 -40.240557
-20.242538 -40.293198
-20.234726 -40.349727
-20.284442 -40.36473
-20.311874 -40.368339
-20.324996 -40.331808
-20.343608 -40.282227
-20.468609 -40.335552
-20.487779 -40.345002
-20.599442 -40.406112
-20.616677 -40.417497
-20.831183 -40.627152
-20.814443 -40.642713
-20.841668 -40.74084
-20.854655 -40.761882
-20.928203 -40.813128
-20.969657 -40.821534
-21.011948 -40.817079
-21.057497 -40.832226
-21.08708 -40.843818
-21.118202 -40.865013
-21.143339 -40.890006
-21.192497 -40.933332
-21.208895 -40.945554
-21.235832 -40.960557
-21.258332 -40.966533
-21.276566 -40.964337
-21.283613 -40.961115
-21.352571 -40.969233
-21.427496 -41.014728
-21.448889 -41.029164
-21.576662 -41.043339
-21.675554 -41.018058
-21.95792 -40.966812
-21.982499 -40.970142
-22.008608 -40.987224
-22.023053 -41.001948
-22.033889 -41.020281
-22.127786 -41.199309
-22.140557 -41.233887
-22.154165 -41.278617
-22.160555 -41.301387
-22.169996 -41.343057
-22.186106 -41.400279
-22.224167 -41.521122
-22.231106 -41.543064
-22.243616 -41.581674
-22.253894 -41.607783
-22.284998 -41.671107
-22.301108 -41.69889
-22.346108 -41.76306
-22.437782 -41.84973
-22.534514 -41.966046
-22.565699 -41.987439
-22.624172 -41.995566
-22.664177 -41.994729
-22.705703 -41.990148
-22.735142 -41.975136
-22.831109 -41.987502
-22.919174 -42.034446
-22.94972 -42.150834
-22.941107 -42.429456
-22.939442 -42.548616
-22.939442 -42.570279
-22.944176 -42.626394
-22.950692 -42.659865
-22.959998 -42.680142
-22.980833 -42.941106
-22.953338 -43.094169
-22.931045 -43.125417
-22.890554 -43.129449
-22.828058 -43.091676
-22.802786 -43.063614
-22.743197 -43.026525
-22.716395 -43.020567
-22.679306 -43.02612
-22.668335 -43.075836
-22.7366 -43.254306
-22.777649 -43.271253
-22.806665 -43.262217
-22.824863 -43.251669
-22.835627 -43.22952
-22.894442 -43.163334
-22.951808 -43.14744
-22.982786 -43.185141
-22.999031 -43.227225
-23.013053 -43.289451
-23.010002 -43.333614
-23.011109 -43.390278
-23.04611 -43.639731
-23.074442 -43.905564
-23.082785 -43.944453
-23.09417 -43.976952
-23.103053 -43.996941
-23.099867 -44.005284
-23.077502 -44.006391
-23.05709 -44.001117
-23.040899 -43.977087
-23.050835 -43.894728
-23.054174 -43.816122
-23.055002 -43.793334
-23.053895 -43.772778
-23.045417 -43.704729
-23.018894 -43.606809
-22.926671 -43.76889
-22.896809 -43.858755
-22.936949 -44.038611
-22.986809 -44.0757
-23.006807 -44.092224
-23.032079 -44.125839
-23.051105 -44.191944
-23.048297 -44.23671
-22.920704 -44.323065
-22.920416 -44.353755
-22.945283 -44.411526
-22.963337 -44.430354
-23.008058 -44.473338
-23.027786 -44.53362
-23.040557 -44.602785
-23.043338 -44.645562
-23.055704 -44.675208
-23.109443 -44.696943
-23.200415 -44.714862
-23.222231 -44.709309
-23.228621 -44.643051
-23.23007 -44.569098
-23.289578 -44.500761
-23.353685 -44.574309
-23.356394 -44.600832
-23.343335 -44.634726
-23.346674 -44.717571
-23.35328 -44.725644
-23.364863 -44.729793
-23.38973 -44.838198
-23.372504 -44.85132
-23.341256 -44.906463
-23.362226 -44.943894
-23.406677 -45.001404
-23.445278 -45.02889
-23.458247 -45.011394
-23.49611 -45.060012
-23.510555 -45.092223
-23.587496 -45.2664
-23.628887 -45.410832
-23.655077 -45.428895
-23.71139 -45.4266
-23.754446 -45.402786
-23.803127 -45.394731
-23.828057 -45.415485
-23.843339 -45.505008
-23.826392 -45.530973
-23.805557 -45.549729
-23.78834 -45.635283
-23.783057 -45.666387
-23.758892 -45.835011
-23.767784 -45.89001
-23.774723 -45.91917
-23.787647 -45.974862
-23.836112 -46.085832
-23.858333 -46.129446
-23.919101 -46.226943
-23.916527 -46.186389
-23.878817 -46.150551
-23.865902 -46.11771
-23.960285 -46.165833
-23.992226 -46.195551
-24.025832 -46.279728
-24.018893 -46.311669
-24.000902 -46.300212
-23.991047 -46.274796
-23.962112 -46.282617
-23.919101 -46.305495
-23.868755 -46.38042
-23.941259 -46.433619
-23.985701 -46.416807
-24.021395 -46.436112
-24.037784 -46.477782
-24.092225 -46.591947
-24.211673 -46.823067
-24.221672 -46.841949
-24.256943 -46.901673
-24.270839 -46.924443
-24.288065 -46.95084
-24.303608 -46.972224
-24.319097 -46.985346
-24.386948 -47.005488
-24.563051 -47.214729
-24.622226 -47.317509
-24.677504 -47.422782
-24.694442 -47.484459
-24.708617 -47.54556
-24.738056 -47.596671
-24.822782 -47.716668
-24.873335 -47.798055
-24.896114 -47.833893
-25.010279 -47.983068
-25.015004 -48.026115
-25.051355 -48.054096
-25.076663 -47.996676
-25.080074 -47.954583
-25.065278 -47.920419
-25.059023 -47.894868
-25.103618 -47.895003
-25.152362 -47.914308
-25.180001 -47.935008
-25.199441 -47.952504
-25.217783 -47.984517
-25.229447 -48.019725
-25.255286 -48.04389
-25.278335 -48.063618
-25.295552 -48.074868
-25.31492 -48.082698
-25.373753 -48.169035
-25.393337 -48.18501
-25.425836 -48.198618
-25.460135 -48.208203
-25.453124 -48.243402
-25.420283 -48.246534
-25.340282 -48.226392
-25.325558 -48.208617
-25.303814 -48.169584
-25.284725 -48.134052
-25.301393 -48.22416
-25.330004 -48.281391
-25.328339 -48.337227
-25.305839 -48.35889
-25.29611 -48.394998
-25.317782 -48.429729
-25.349723 -48.441114
-25.371674 -48.447504
-25.388621 -48.43611
-25.418123 -48.414375
-25.473887 -48.461391
-25.480133 -48.480696
-25.465283 -48.566394
-25.449173 -48.639456
-25.417853 -48.689793
-25.424729 -48.718611
-25.477217 -48.730284
-25.498475 -48.708477
-25.52417 -48.644442
-25.530839 -48.605562
-25.525286 -48.562227
-25.516808 -48.515697
-25.551674 -48.379311
-25.579448 -48.361806
-25.5941 -48.377781
-25.618895 -48.424023
-25.652501 -48.450834
-25.719173 -48.492225
-25.780283 -48.52278
-25.825004 -48.601953
-25.857782 -48.757095
-25.884098 -48.770145
-25.881947 -48.64167
-25.872227 -48.581118
-25.941113 -48.571677
-25.981199 -48.584106
-26.037782 -48.608613
-26.057915 -48.609027
-26.130419 -48.586671
-26.153333 -48.576663
-26.175689 -48.581046
-26.226107 -48.652227
-26.241524 -48.676806
-26.240147 -48.698892
-26.213606 -48.739653
-26.177642 -48.745701
-26.103617 -48.771387
-26.067572 -48.79188
-26.132228 -48.793338
-26.289449 -48.755565
-26.385002 -48.645837
-26.439659 -48.609729
-26.468891 -48.616254
-26.50112 -48.637503
-26.571806 -48.674448
-26.600651 -48.681306
-26.673056 -48.684447
-26.705285 -48.684726
-26.730206 -48.678543
-26.772227 -48.629862
-26.876393 -48.629448
-27.10889 -48.613068
-27.140606 -48.59307
-27.151892 -48.565269
-27.139265 -48.543444
-27.12257 -48.515976
-27.163889 -48.493332
-27.21347 -48.486942
-27.217061 -48.516813
-27.200951 -48.544578
-27.237086 -48.620565
-27.456947 -48.642498
-27.604997 -48.605832
-27.647639 -48.642084
-27.757502 -48.621942
-27.808199 -48.590001
-27.826811 -48.576114
-27.864449 -48.563901
-27.997784 -48.61917
-28.086677 -48.62889
-28.225565 -48.652497
-28.490696 -48.761811
-28.485071 -48.783546
-28.442114 -48.806847
-28.387016 -48.793608
-28.320281 -48.852783
-28.339235 -48.86937
-28.427228 -48.868902
-28.477079 -48.857922
-28.524104 -48.783546
-28.617785 -48.842505
-28.641941 -48.916944
-28.65473 -48.947301
-28.810835 -49.189446
-28.826387 -49.211676
-28.970558 -49.391388
-29.026673 -49.450284
-29.220551 -49.631958
-29.265551 -49.659174
-29.308337 -49.689171
-29.324681 -49.702383
-29.369726 -49.752504
-29.421674 -49.792095
-29.584448 -49.902498
-29.655836 -49.94667
-29.815892 -50.042169
-29.846798 -50.058495
-29.89844 -50.082678
-30.124997 -50.172498
-30.26528 -50.225283
-30.288068 -50.231394
-30.309731 -50.238333
-30.358196 -50.25861
-30.385565 -50.27112
-30.461669 -50.311395
-30.555836 -50.370561
-30.625703 -50.421807
-30.699449 -50.476671
-30.918635 -50.636115
-30.94667 -50.651388
-30.991805 -50.675697
-31.041395 -50.715279
-31.081112 -50.749452
-31.186943 -50.847498
-31.258889 -50.916393
-31.386392 -51.041394
-31.408334 -51.063903
-31.465835 -51.133608
-31.545836 -51.233067
-31.734998 -51.480837
-31.807502 -51.613893
-31.816394 -51.635556
-31.831946 -51.679026
-31.914161 -51.837093
-31.936391 -51.871392
-31.963895 -51.903891
-32.014727 -51.941943
-32.057225 -51.973893
-32.171948 -52.069653
-32.148053 -52.080975
-32.109029 -52.066395
-32.082929 -52.048062
-32.061959 -52.039863
-31.942988 -52.01757
-31.896944 -52.051671
-31.868891 -52.075566
-31.849307 -52.093755
-31.826807 -52.086744
-31.814585 -52.052922
-31.817501 -52.027227
-31.826393 -51.992289
-31.839308 -51.962499
-31.856948 -51.94278
-31.870835 -51.926805
-31.879313 -51.897231
-31.872914 -51.861258
-31.796108 -51.696117
-31.771664 -51.660279
-31.758605 -51.64362
-31.637222 -51.534441
-31.555286 -51.460839
-31.517711 -51.413202
-31.528052 -51.384177
-31.526108 -51.348474
-31.517783 -51.318891
-31.484447 -51.268887
-31.471676 -51.2514
-31.453055 -51.232779
-31.401458 -51.192153
-31.320557 -51.16806
-31.269311 -51.15654
-31.20389 -51.158889
-31.182227 -51.161391
-31.153679 -51.171462
-31.077845 -51.158961
-31.073894 -51.058062
-31.090553 -51.010974
-31.136282 -50.993586
-31.122224 -50.970834
-31.045004 -50.989311
-30.930551 -50.956947
-30.899177 -50.926392
-30.876947 -50.873067
-30.824441 -50.771259
-30.811112 -50.750838
-30.791042 -50.728203
-30.751388 -50.703615
-30.721391 -50.694165
-30.631391 -50.676669
-30.599162 -50.673339
-30.472496 -50.686956
-30.434867 -50.651388
-30.479444 -50.618898
-30.480974 -50.595354
-30.457547 -50.568102
-30.350564 -50.543334
-30.306662 -50.537223
-30.286664 -50.537511
-30.261941 -50.544036
-30.194027 -50.605002
-30.186251 -50.627502
-30.192362 -50.647851
-30.230765 -50.664933
-30.2525 -50.654097
-30.284522 -50.662917
-30.295628 -50.685417
-30.294449 -50.781951
-30.316526 -50.910561
-30.33494 -50.92326
-30.406112 -50.932224
-30.408893 -50.966388
-30.384449 -51.018057
-30.320279 -51.021666
-30.289409 -51.01191
-30.240143 -51.064443
-30.248549 -51.109443
-30.258125 -51.131178
-30.231395 -51.169725
-30.161393 -51.21666
-30.080762 -51.241743
-30.049028 -51.23403
-30.010553 -51.275034
-30.161393 -51.314589
-30.286601 -51.286329
-30.403889 -51.206256
-30.44861 -51.242778
-30.509306 -51.269031
-30.59 -51.289731
-30.649913 -51.286167
-30.757778 -51.265836
-30.780836 -51.26778
-30.799934 -51.277293
-30.779936 -51.308262
-30.766598 -51.291387
-30.726944 -51.29334
-30.656195 -51.32322
-30.63473 -51.352227
-30.65111 -51.376941
-30.671108 -51.385977
-30.746942 -51.387786
-30.896738 -51.462225
-30.928058 -51.478614
-30.958055 -51.484725
-30.978053 -51.484725
-31.032368 -51.481809
-31.06097 -51.467778
-31.099445 -51.513336
-31.123889 -51.571944
-31.134788 -51.616458
-31.16861 -51.640011
-31.189724 -51.648057
-31.221809 -51.655698
-31.308056 -51.918201
-31.33736 -51.963759
-31.398335 -51.991389
-31.424579 -51.997914
-31.549166 -52.004718
-31.634999 -52.042635
-31.673753 -52.066809
-31.688198 -52.086807
-31.699997 -52.124454
-31.711112 -52.158888
-31.726529 -52.196949
-31.744997 -52.21764
-31.841117 -52.224723
-31.886945 -52.193889
-31.942637 -52.178337
-31.973201 -52.238754
-32.055281 -52.25472
-32.088302 -52.227189
-32.080553 -52.18362
-32.103053 -52.12278
-32.115005 -52.100838
-32.164379 -52.090767
-32.201666 -52.154163
-32.254658 -52.227576
-32.288606 -52.255008
-32.312231 -52.268616
-32.500286 -52.375896
-32.651945 -52.426395
-32.702228 -52.441947
-32.729723 -52.447365
-32.761673 -52.455555
-32.872778 -52.499457
-32.912783 -52.518888
-33.115283 -52.628616
-33.133751 -52.639866
-33.250976 -52.736121
-33.395561 -52.911387
-33.425837 -52.950285
-33.577505 -53.146944
-33.640559 -53.216118
-33.655418 -53.235414
-33.679169 -53.268894
-33.706529 -53.310564
-33.740675 -53.374302
-33.756956 -53.399169
-33.769727 -53.416674
-33.792227 -53.439723
-33.816536 -53.460702
-33.854444 -53.482509
-33.876116 -53.490564
-33.904313 -53.499177
-33.979724 -53.512785
-34.062362 -53.535555
-34.082504 -53.568333
-34.105283 -53.598888
-34.189442 -53.697915
-34.214174 -53.718336
-34.261388 -53.75187
-34.342226 -53.776881
-34.420562 -53.841942
-34.450838 -53.904168
-34.499024 -53.982225
-34.591949 -54.093609
-34.609454 -54.113895
-34.636733 -54.139518
-34.664651 -54.14076
-34.676387 -54.171387
-34.67528 -54.235701
-34.628336 -54.252504
-34.605701 -54.249516
-34.584029 -54.243819
-34.562852 -54.312921
-34.6607 -54.290979
-34.690697 -54.278892
-34.724591 -54.336537
-34.806086 -54.531108
-34.811108 -54.548334
-34.824716 -54.588618
-34.858889 -54.686106
-34.875557 -54.724446
-34.923617 -54.830556
-34.943606 -54.896121
-34.943822 -54.954369
-34.892918 -55.053126
-34.885286 -55.091943
-34.886258 -55.130148
-34.892504 -55.170567
-34.906535 -55.223334
-34.907921 -55.248759
-34.881524 -55.283751
-34.851392 -55.30473
-34.826957 -55.33362
-34.814177 -55.35639
-34.808444 -55.3734
-34.80389 -55.43334
-34.781669 -55.600011
-34.775072 -55.692783
-34.788887 -55.787508
-34.795835 -55.811673
-34.828334 -55.910286
-34.838333 -55.930977
-34.861391 -55.965555
-34.883063 -56.005146
-34.891253 -56.027916
-34.89083 -56.034333
-34.927226 -56.158335
-34.910342 -56.317914
-34.840556 -56.425833
-34.814726 -56.403621
-34.795439 -56.36691
-34.78751 -56.411667
-34.763894 -56.578896
-34.689446 -56.829726
-34.656704 -56.895903
-34.464176 -57.111255
-34.452971 -57.174273
-34.448408 -57.18528
-34.449722 -57.433338
-34.443332 -57.553335
-34.460144 -57.661812
-34.492778 -57.836871
-34.442783 -57.877434
-34.385552 -57.897639
-34.365977 -57.910563
-34.308332 -57.964446
-34.190702 -58.079448
-34.176941 -58.105422
-34.123067 -58.210839
-34.104725 -58.221117
-34.062497 -58.251114
-34.001675 -58.300839
-33.986672 -58.315563
-33.974729 -58.335012
-33.961598 -58.361886
-33.926462 -58.403754
-33.875567 -58.415112
-33.85556 -58.423059
-33.835004 -58.429863
-33.702506 -58.438053
-33.554456 -58.43862
-33.528752 -58.430142
-33.507638 -58.416948
-33.467993 -58.384386
-33.438617 -58.380147
-33.422498 -58.388895
-33.408332 -58.415913
-33.360074 -58.401387
-33.345422 -58.380003
-33.323678 -58.358196
-33.271388 -58.346946
-33.219998 -58.357512
-33.181397 -58.365279
-33.157367 -58.367079
-33.130979 -58.360554
-33.117092 -58.340421
-33.113888 -58.313619
-33.115013 -58.289724
-33.119441 -58.241259
-33.120836 -58.203198
-33.10973 -58.161537
-33.098903 -58.141944
-33.05528 -58.089096
-32.934725 -58.045563
-32.901317 -58.04757
-32.871392 -58.059036
-32.844653 -58.089312
-32.819309 -58.120839
-32.793335 -58.133475
-32.765282 -58.138614
-32.740145 -58.13847
-32.708339 -58.138065
-32.672231 -58.140558
-32.598332 -58.152078
-32.492096 -58.193235
-32.478335 -58.197645
-32.450309 -58.199247
-32.448338 -58.200003
-32.464313 -58.212918
-32.48639 -58.221117
-32.521661 -58.224726
-32.571395 -58.224033
-32.705558 -58.198617
-32.85917 -58.168062
-32.944166 -58.150557
-33.045416 -58.146525
-33.066809 -58.154868
-33.081254 -58.169313
-33.090974 -58.188204
-33.095141 -58.221531
-33.093332 -58.24431
-33.08903 -58.265703
-33.081119 -58.367502
-33.081047 -58.403187
-33.097436 -58.425696
-33.261947 -58.426677
-33.335558 -58.455558
-33.353189 -58.472091
-33.409313 -58.507362
-33.485282 -58.525551
-33.516944 -58.531959
-33.660566 -58.549446
-33.686108 -58.549725
-33.736256 -58.546944
-33.771257 -58.532364
-33.827507 -58.488894
-33.848405 -58.466601
-33.980768 -58.440492
-34.010468 -58.448241
-34.019999 -58.424445
-34.032914 -58.396941
-34.050419 -58.385286
-34.185905 -58.37751
-34.234451 -58.411944
-34.261811 -58.434174
-34.281944 -58.475421
-34.326665 -58.498893
-34.396946 -58.49334
-34.48862 -58.476105
-34.539731 -58.469724
-34.547786 -58.463055
-34.572572 -58.427649
-34.576811 -58.40001
-34.586558 -58.36968
-34.633619 -58.346334
-34.636121 -58.344723
-34.658198 -58.325832
-34.717229 -58.230837
-34.747505 -58.164174
-34.75556 -58.129722
-34.770833 -58.077513
-34.791524 -58.010697
-34.851113 -57.854997
-34.878887 -57.79584
-35.047088 -57.496536
-35.155556 -57.335553
-35.177786 -57.312783
-35.320553 -57.18834
-35.398889 -57.135555
-35.423756 -57.122784
-35.470286 -57.129714
-35.488889 -57.141945
-35.539595 -57.179025
-35.589176 -57.233061
-35.688338 -57.310011
-35.749169 -57.355002
-35.781389 -57.376116
-35.801252 -57.383199
-35.830835 -57.38778
-35.906669 -57.38778
-35.930285 -57.384999
-35.962784 -57.376674
-35.986949 -57.365838
-36.094868 -57.310416
-36.178334 -57.241944
-36.19862 -57.220281
-36.256112 -57.146121
-36.285281 -57.104865
-36.314171 -57.05334
-36.368621 -56.933334
-36.364724 -56.903067
-36.348893 -56.872224
-36.305279 -56.770146
-36.315971 -56.745342
-36.409445 -56.698335
-36.431675 -56.69361
-36.581669 -56.670975
-36.873485 -56.660553
-36.900557 -56.663064
-36.923615 -56.678337
-36.952226 -56.703609
-36.971387 -56.722779
-36.986948 -56.73834
-37.08278 -56.820834
-37.251116 -56.945835
-37.370834 -57.026115
-37.390148 -57.033333
-37.452779 -57.082779
-37.493054 -57.120003
-37.560005 -57.184443
-37.58084 -57.210552
-37.613618 -57.255561
-37.626677 -57.273606
-37.673621 -57.33
-37.755278 -57.411666
-37.830419 -57.484026
-37.859453 -57.501675
-37.884725 -57.515832
-37.913606 -57.525282
-37.93778 -57.531672
-37.989656 -57.540906
-38.025557 -57.526119
-38.085911 -57.533409
-38.113622 -57.551949
-38.138336 -57.577914
-38.173058 -57.626118
-38.185568 -57.645279
-38.203901 -57.674448
-38.293064 -57.836394
-38.435282 -58.161393
-38.446946 -58.189176
-38.484998 -58.301118
-38.574719 -58.65723
-38.59973 -58.766949
-38.608892 -58.793202
-38.690567 -59.032089
-38.697506 -59.064867
-38.702087 -59.099868
-38.709449 -59.17167
-38.72501 -59.267223
-38.76695 -59.494725
-38.803895 -59.672781
-38.836943 -59.789727
-38.842226 -59.887782
-38.84417 -59.909175
-38.886389 -60.191118
-38.928068 -60.467229
-38.95361 -60.701391
-38.97278 -60.82389
-38.976389 -60.859998
-38.995838 -61.094457
-38.998889 -61.162227
-38.997512 -61.194726
-38.991671 -61.311105
-38.982644 -61.360002
-38.98043 -61.390836
-38.98403 -61.4232
-38.990006 -61.453332
-39.008897 -61.50528
-39.013334 -61.540281
-39.005567 -61.634169
-38.986118 -61.818066
-38.981672 -61.841394
-38.954447 -61.97778
-38.943053 -62.023203
-38.916044 -62.088831
-38.887217 -62.104446
-38.864447 -62.11278
-38.816387 -62.208333
-38.790134 -62.351748
-38.802644 -62.385147
-38.820284 -62.395146
-38.859173 -62.381664
-38.880836 -62.36667
-38.923892 -62.324721
-38.955833 -62.278893
-39.036662 -62.31528
-39.078611 -62.336943
-39.167504 -62.349723
-39.260006 -62.327502
-39.271103 -62.285139
-39.275891 -62.248887
-39.276557 -62.224812
-39.286394 -62.165979
-39.327092 -62.072649
-39.365558 -62.024445
-39.387509 -62.024373
-39.411494 -62.056359
-39.370832 -62.135559
-39.348332 -62.164458
-39.328622 -62.177922
-39.309308 -62.191395
-39.316346 -62.259183
-39.338477 -62.274861
-39.433472 -62.146809
-39.508469 -62.068752
-39.641948 -62.09361
-39.71834 -62.106948
-39.74417 -62.109999
-39.782501 -62.11278
-39.83687 -62.117091
-39.860558 -62.172918
-39.845357 -62.262297
-39.892229 -62.309169
-40.014161 -62.341668
-40.102784 -62.342226
-40.124726 -62.338059
-40.178618 -62.351811
-40.209173 -62.369028
-40.222781 -62.387091
-40.232915 -62.422641
-40.27778 -62.475147
-40.302575 -62.488755
-40.417226 -62.442513
-40.458131 -62.421462
-40.556942 -62.296677
-40.557707 -62.266806
-40.601186 -62.247501
-40.63202 -62.262918
-40.630553 -62.30826
-40.607081 -62.336466
-40.671314 -62.338338
-40.678334 -62.326665
-40.645286 -62.260002
-40.628411 -62.195319
-40.649651 -62.199864
-40.661603 -62.225775
-40.781393 -62.279163
-40.865354 -62.320833
-40.901948 -62.390007
-40.909868 -62.410005
-40.985 -62.594451
-41.046812 -62.72667
-41.048477 -62.753067
-41.047307 -62.771598
-41.107508 -62.945559
-41.126399 -62.999172
-41.138621 -63.015282
-41.149313 -63.036396
-41.153615 -63.06111
-41.158808 -63.119043
-41.160563 -63.141948
-41.161949 -63.366669
-41.158619 -63.439173
-41.161949 -63.563337
-41.166116 -63.678339
-41.166395 -63.701955
-41.164865 -63.774729
-41.159177 -63.807498
-41.147225 -63.839727
-41.129306 -63.874935
-41.101955 -63.909171
-41.083892 -63.930285
-41.066243 -63.957915
-41.053067 -63.993339
-41.035832 -64.06362
-41.019866 -64.149039
-40.959449 -64.299186
-40.898609 -64.486116
-40.893893 -64.509732
-40.887782 -64.531404
-40.832225 -64.72278
-40.79906 -64.749033
-40.73111 -64.777644
-40.721948 -64.804455
-40.70834 -64.884735
-40.706945 -64.909728
-40.710833 -64.937223
-40.723757 -64.983753
-40.844177 -65.130147
-40.931531 -65.166543
-40.990562 -65.179314
-41.09084 -65.167506
-41.114177 -65.161674
-41.22611 -65.132784
-41.440283 -65.066535
-41.465969 -65.045565
-41.481107 -65.024739
-41.49278 -65.004039
-41.51744 -64.991745
-41.56028 -64.99584
-41.580278 -65.00043
-41.611184 -65.015073
-41.640551 -65.027232
-41.685416 -65.028213
-41.718338 -65.020572
-41.739731 -65.011671
-41.768126 -64.99431
-41.812496 -65.008053
-41.841665 -65.023056
-41.865416 -65.036673
-41.926805 -65.071953
-41.957783 -65.079729
-41.982092 -65.07612
-42.010001 -65.062224
-42.092225 -65.013624
-42.112223 -64.994175
-42.137216 -64.963053
-42.156953 -64.934442
-42.189443 -64.877094
-42.228332 -64.737792
-42.256952 -64.603899
-42.257231 -64.582785
-42.245909 -64.539036
-42.250976 -64.500012
-42.265628 -64.464453
-42.284177 -64.479735
-42.301673 -64.507239
-42.323066 -64.533888
-42.344171 -64.551951
-42.407261 -64.600875
-42.434441 -64.595358
-42.445835 -64.451943
-42.436394 -64.135422
-42.431525 -64.11348
-42.396812 -64.062513
-42.377786 -64.04724
-42.3107 -64.044666
-42.278615 -64.063062
-42.266672 -64.083627
-42.260003 -64.110564
-42.256952 -64.142226
-42.259175 -64.222785
-42.261677 -64.248606
-42.261947 -64.293066
-42.246179 -64.328238
-42.229727 -64.296108
-42.210278 -64.161387
-42.165557 -64.013625
-42.111674 -63.898056
-42.102503 -63.871947
-42.098615 -63.84834
-42.090002 -63.773055
-42.090002 -63.750834
-42.10001 -63.732501
-42.164459 -63.696402
-42.191387 -63.685008
-42.217226 -63.672363
-42.243686 -63.6516
-42.272783 -63.616392
-42.291395 -63.603891
-42.30917 -63.594585
-42.331805 -63.586944
-42.615008 -63.579312
-42.764831 -63.628641
-42.815762 -63.684522
-42.825428 -63.717228
-42.828902 -63.751401
-42.843338 -63.838332
-42.885971 -64.063899
-42.888545 -64.098405
-42.872921 -64.136952
-42.775145 -64.248201
-42.749729 -64.250703
-42.691391 -64.225008
-42.645284 -64.198818
-42.550838 -64.316682
-42.540416 -64.335159
-42.515837 -64.398051
-42.507224 -64.45404
-42.507512 -64.494441
-42.508475 -64.522377
-42.519176 -64.618335
-42.559307 -64.734318
-42.580142 -64.755009
-42.60473 -64.778211
-42.628616 -64.820844
-42.635285 -64.839735
-42.63722 -64.876122
-42.647633 -64.928754
-42.661115 -64.953756
-42.74396 -65.018691
-42.778124 -65.009232
-42.794594 -64.989441
-42.802226 -64.940562
-42.841529 -64.805697
-42.874172 -64.729863
-42.908057 -64.678347
-42.91973 -64.656675
-42.932231 -64.627641
-42.941114 -64.5939
-42.97751 -64.41417
-42.975278 -64.38987
-42.963056 -64.353897
-42.952094 -64.321884
-42.991181 -64.296531
-43.030835 -64.364454
-43.045568 -64.391958
-43.093889 -64.526949
-43.116677 -64.591398
-43.133336 -64.704186
-43.149176 -64.769184
-43.161119 -64.800288
-43.176536 -64.831536
-43.235837 -64.929861
-43.311527 -65.033766
-43.329311 -65.043198
-43.459307 -65.13237
-43.5725 -65.255283
-43.606115 -65.283894
-43.661807 -65.326806
-43.716662 -65.336391
-43.740143 -65.334456
-43.827227 -65.316258
-43.852085 -65.297916
-43.876943 -65.283894
-43.909865 -65.271258
-43.969724 -65.258343
-43.96139 -65.230839
-43.95806 -65.210148
-44.111258 -65.22876
-44.119997 -65.255427
-44.131292 -65.293542
-44.186957 -65.312496
-44.207504 -65.308617
-44.285561 -65.269179
-44.313056 -65.249451
-44.405009 -65.322783
-44.427509 -65.339172
-44.521667 -65.387511
-44.616671 -65.59668
-44.635004 -65.624724
-44.648477 -65.639592
-44.712089 -65.689047
-44.776115 -65.719179
-44.805833 -65.720835
-44.829584 -65.712582
-44.85167 -65.668896
-44.853335 -65.648484
-44.854865 -65.628063
-44.892287 -65.537298
-45.020564 -65.611116
-45.042362 -65.688471
-45.024731 -65.725011
-45.01097 -65.749599
-44.986391 -65.842515
-44.96111 -66.111957
-44.964449 -66.182778
-45.031958 -66.353904
-45.084383 -66.517722
-45.111806 -66.532644
-45.157499 -66.566682
-45.198332 -66.685833
-45.208889 -66.829185
-45.212507 -66.853332
-45.254177 -66.946536
-45.281672 -66.99042
-45.337499 -67.037778
-45.421955 -67.10112
-45.526526 -67.181814
-45.539864 -67.197366
-45.571112 -67.250835
-45.583064 -67.273056
-45.596528 -67.298337
-45.619865 -67.319028
-45.643202 -67.329594
-45.795563 -67.381119
-45.818477 -67.417227
-45.928619 -67.536954
-46.000304 -67.584357
-46.071395 -67.617927
-46.130012 -67.620564
-46.177226 -67.618764
-46.211948 -67.60917
-46.303334 -67.581684
-46.325564 -67.573332
-46.422368 -67.533615
-46.462436 -67.502574
-46.52486 -67.446117
-46.567781 -67.405014
-46.610837 -67.357224
-46.625282 -67.338054
-46.6982 -67.208481
-46.708892 -67.179177
-46.758059 -67.099725
-46.87028 -66.953898
-46.98917 -66.818556
-47.031956 -66.735
-47.04209 -66.709593
-47.048615 -66.668904
-47.05028 -66.641679
-47.050001 -66.621402
-47.046671 -66.576951
-47.045834 -66.506121
-47.061467 -66.370077
-47.078063 -66.351465
-47.093606 -66.209166
-47.091599 -66.100356
-47.07458 -66.053889
-47.066948 -66.013623
-47.067227 -65.989314
-47.10167 -65.894382
-47.195207 -65.775285
-47.330558 -65.732787
-47.350835 -65.732508
-47.389166 -65.735415
-47.460284 -65.744442
-47.536388 -65.755287
-47.611394 -65.784996
-47.755556 -65.870415
-47.766185 -65.887929
-47.767499 -65.930841
-47.758751 -65.969181
-47.757365 -66.001671
-47.762918 -66.029589
-47.771252 -66.049182
-47.784311 -66.065697
-47.805416 -66.090699
-47.817512 -66.113892
-47.823047 -66.170538
-47.840381 -66.229119
-47.86028 -66.243618
-47.843963 -66.211785
-47.839175 -66.181941
-47.835602 -66.126897
-47.819456 -66.080277
-47.784725 -65.977371
-47.78639 -65.956806
-47.809583 -65.904525
-47.932919 -65.788344
-47.965832 -65.789793
-47.972645 -65.828349
-47.965283 -65.852784
-47.951954 -65.884176
-47.946185 -65.913057
-47.961845 -65.967534
-48.04973 -65.946114
-48.092786 -65.964177
-48.100418 -66.067083
-48.244175 -66.2814
-48.283622 -66.335553
-48.341393 -66.410577
-48.398057 -66.467223
-48.408056 -66.549726
-48.431672 -66.639726
-48.440285 -66.664458
-48.455837 -66.688065
-48.511115 -66.751119
-48.570137 -66.825702
-48.577778 -66.879729
-48.583619 -66.912786
-48.589442 -66.937788
-48.598064 -66.966669
-48.631112 -67.063338
-48.642083 -67.088484
-48.670001 -67.124655
-48.764726 -67.204998
-48.823199 -67.244445
-48.834728 -67.284729
-48.84389 -67.312791
-48.855284 -67.337784
-48.894029 -67.404447
-48.964175 -67.48668
-48.979997 -67.504185
-48.984173 -67.508343
-48.991112 -67.518891
-49.018895 -67.560561
-49.040414 -67.585698
-49.118336 -67.638546
-49.141943 -67.628061
-49.171049 -67.614381
-49.244174 -67.678065
-49.28417 -67.726395
-49.316669 -67.768479
-49.329863 -67.7907
-49.386392 -67.82778
-49.378544 -67.722363
-49.351805 -67.697505
-49.323482 -67.688064
-49.260077 -67.650633
-49.252643 -67.625703
-49.2641 -67.605777
-49.427513 -67.656672
-49.522778 -67.689999
-49.63166 -67.719177
-49.707503 -67.729176
-49.757228 -67.737501
-49.792499 -67.746942
-49.815836 -67.753341
-49.85612 -67.765833
-49.878062 -67.774869
-49.904162 -67.788072
-49.924592 -67.810284
-49.971941 -67.87584
-49.985837 -67.897233
-50.002226 -67.924998
-50.029865 -67.973346
-50.047226 -68.005575
-50.065001 -68.042232
-50.073335 -68.061402
-50.109173 -68.177781
-50.115284 -68.20029
-50.122223 -68.243346
-50.123339 -68.273343
-50.123339 -68.295006
-50.120702 -68.331195
-50.068187 -68.423967
-49.978619 -68.506389
-49.928606 -68.592519
-49.949234 -68.606046
-49.974443 -68.69223
-49.972499 -68.729175
-49.968332 -68.833341
-49.96889 -68.853897
-49.98473 -68.94612
-49.989032 -68.966253
-50.009651 -69.002856
-50.003063 -68.908887
-49.992227 -68.883057
-49.982786 -68.844186
-49.983065 -68.81418
-49.990013 -68.78223
-49.992227 -68.668335
-49.989311 -68.646393
-49.98014 -68.617782
-49.980419 -68.584932
-49.997645 -68.552793
-50.024726 -68.536044
-50.057639 -68.523201
-50.072921 -68.509035
-50.084162 -68.488065
-50.093054 -68.470002
-50.115284 -68.418333
-50.13278 -68.378265
-50.155208 -68.373198
-50.181254 -68.396958
-50.195285 -68.423616
-50.202224 -68.445009
-50.210279 -68.475285
-50.226389 -68.547789
-50.249996 -68.650281
-50.256953 -68.672223
-50.289452 -68.771952
-50.306255 -68.820696
-50.320556 -68.852232
-50.333759 -68.874732
-50.388065 -68.941116
-50.404445 -68.958621
-50.522228 -69.067512
-50.541389 -69.080841
-50.593607 -69.102783
-50.743754 -69.145767
-50.803757 -69.145146
-50.860691 -69.138198
-50.88167 -69.143616
-50.908616 -69.172227
-50.965001 -69.246945
-51.000839 -69.311403
-51.014456 -69.333615
-51.048332 -69.378345
-51.079652 -69.405975
-51.052688 -69.366681
-51.01028 -69.302376
-50.96681 -69.192513
-51.005555 -69.163065
-51.046244 -69.143544
-51.077501 -69.142914
-51.107507 -69.145281
-51.13223 -69.141402
-51.157223 -69.13224
-51.325838 -69.057783
-51.346673 -69.047496
-51.418619 -69.008058
-51.449174 -68.990841
-51.471674 -68.977647
-51.504443 -68.964318
-51.539939 -68.953275
-51.57278 -68.970069
-51.572501 -68.99571
-51.563339 -69.014457
-51.567785 -69.054453
-51.576947 -69.078474
-51.610004 -69.130845
-51.607511 -69.155289
-51.593894 -69.205842
-51.557642 -69.296391
-51.5564 -69.374457
-51.576254 -69.480009
-51.62417 -69.609519
-51.618338 -69.549453
-51.612497 -69.525846
-51.603479 -69.495849
-51.592094 -69.387642
-51.594587 -69.346809
-51.609455 -69.257232
-51.634169 -69.179175
-51.617087 -69.013485
-51.624449 -68.990148
-51.70112 -68.922792
-51.782507 -68.865984
-51.872228 -68.810292
-51.899039 -68.791806
-51.923888 -68.771115
-52.022231 -68.687496
-52.044443 -68.665554
-52.095554 -68.613615
-52.112231 -68.59584
-52.129313 -68.573052
-52.171955 -68.513337
-52.244441 -68.439996
-52.283888 -68.407794
-52.327367 -68.382792
-52.9325 -68.294727
-52.941941 -68.287779
-52.972226 -68.269725
-52.988066 -68.261949
-52.999172 -68.257512
-53.106254 -68.224176
-53.118332 -68.223753
-53.117432 -68.240007
-53.092781 -68.253345
-53.081675 -68.258052
-53.064449 -68.263623
-53.035001 -68.27139
-53.018333 -68.278068
-53.00396 -68.291262
-52.994861 -68.313483
-52.994177 -68.327226
-53.003888 -68.368347
-53.013617 -68.391819
-53.126396 -68.543631
-53.153063 -68.56236
-53.174177 -68.567229
-53.188055 -68.567508
-53.19917 -68.563062
-53.210006 -68.557509
-53.229446 -68.543631
-53.246114 -68.525559
-53.25362 -68.51529
-53.263889 -68.498064
-53.281394 -68.458077
-53.2925 -68.430555
-53.297225 -68.404176
-53.300834 -68.363892
-53.301671 -68.30973
-53.30042 -68.283333
-53.286812 -68.225832
-53.284724 -68.20056
-53.286119 -68.179734
-53.293751 -68.163201
-53.304173 -68.151123
-53.369441 -68.099454
-53.379719 -68.092515
-53.390006 -68.086674
-53.40167 -68.083344
-53.460836 -68.066118
-53.522783 -68.04306
-53.569457 -68.008347
-53.583335 -67.996944
-53.592227 -67.988619
-53.608607 -67.970295
-53.709731 -67.803894
-53.747225 -67.738887
-53.791676 -67.658058
-53.805284 -67.628889
-53.831393 -67.585563
-53.846387 -67.584168
-53.857511 -67.588902
-53.871119 -67.588902
-53.883611 -67.586391
-53.9 -67.579182
-53.910278 -67.573332
-53.918621 -67.563621
-53.958068 -67.490847
-54.028889 -67.359177
-54.071108 -67.267224
-54.18611 -66.994173
-54.228338 -66.870009
-54.233612 -66.8439
-54.265013 -66.757239
-54.277226 -66.729735
-54.283058 -66.716676
-54.289169 -66.703608
-54.299447 -66.685563
-54.326258 -66.654873
-54.399725 -66.569454
-54.412226 -66.549591
-54.508607 -66.321117
-54.524726 -66.277782
-54.530009 -66.263337
-54.537785 -66.241674
-54.541943 -66.227508
-54.588338 -66.063339
-54.592784 -66.047499
-54.657503 -65.807505
-54.671669 -65.705841
-54.673334 -65.685564
-54.673055 -65.673621
-54.649448 -65.428074
-54.635552 -65.330289
-54.633608 -65.297223
-54.633608 -65.235294
-54.634175 -65.218887
-54.643058 -65.158893
-54.653264 -65.140074
-54.813617 -65.238345
-54.901943 -65.318895
-54.91862 -65.336949
-54.927782 -65.350566
-54.930554 -65.376684
-54.925145 -65.396673
-54.913751 -65.401677
-54.902501 -65.485836
-54.93167 -65.603052
-54.925568 -65.706678
-54.916118 -65.714445
-54.906389 -65.727513
-54.902231 -65.737791
-54.895832 -65.767914
-54.891404 -65.878065
-54.892223 -65.888631
-54.898613 -65.936106
-54.918332 -65.952369
-54.939176 -65.983068
-54.954584 -66.009861
-54.98 -66.104172
-54.98306 -66.123333
-54.986948 -66.165012
-54.988622 -66.186396
-54.984176 -66.260835
-54.982511 -66.339738
-54.982511 -66.35196
-54.98639 -66.375567
-54.991106 -66.385008
-55.051676 -66.446118
-55.051676 -66.45807
-55.044728 -66.551679
-55.04084 -66.58056
-55.029725 -66.632238
-55.024442 -66.652929
-55.013066 -66.674727
-55.00556 -66.685833
-54.996677 -66.694455
-54.984455 -66.709161
-54.974447 -66.727233
-54.964997 -66.746943
-54.945557 -66.796398
-54.939725 -66.82167
-54.911393 -66.993057
-54.908621 -67.011336
-54.907496 -67.021668
-54.898334 -67.156677
-54.877499 -67.488894
-54.882512 -67.604175
-54.884726 -67.624452
-54.886949 -67.656672
-54.887507 -67.679451
-54.886949 -67.714173
-54.877499 -67.826124
-54.861119 -68.000292
-54.857231 -68.028903
-54.848888 -68.06223
-54.847214 -68.066604
-54.846116 -68.069457
-54.836387 -68.100282
-54.832229 -68.116959
-54.82556 -68.152509
-54.816947 -68.24556
-54.827504 -68.309172
-54.841949 -68.320278
-54.845 -68.332779
-54.855566 -68.492511
-54.856115 -68.51502
-54.853334 -68.534181
-54.847781 -68.554305
-54.835838 -68.575563
-54.788336 -68.635836
-54.80477 -68.636124
-54.807353 -68.632416
-54.815633 -68.620995
-54.825911 -68.611293
-54.84761 -68.5953
-54.861029 -68.58531
-54.865313 -68.577894
-54.869309 -68.566185
-54.875015 -68.557896
-54.881009 -68.559615
-54.884159 -68.569038
-54.885581 -68.580171
-54.887579 -68.587587
-54.889577 -68.5953
-54.891575 -68.606145
-54.891575 -68.620707
-54.89072 -68.631561
-54.888605 -68.643108
-54.88973 -68.650281
-54.889028 -68.666958
-54.885554 -68.678892
-54.873512 -68.699817
-54.862586 -68.716395
-54.849446 -68.735565
-54.840563 -68.755572
-54.802916 -68.890005
-54.843335 -68.84973
-54.851111 -68.839173
-54.860282 -68.8257
-54.87056 -68.801391
-54.880838 -68.758902
-54.900737 -68.748669
-54.917225 -68.769999
-54.926117 -68.802507
-54.944162 -68.960556
-54.950282 -69.056118
-54.95084 -69.066954
-54.950561 -69.09084
-54.948338 -69.111117
-54.870002 -69.480009
-54.854171 -69.548616
-54.821402 -69.653484
-54.798623 -69.663411
-54.78758 -69.657993
-54.768752 -69.628617
-54.757916 -69.623757
-54.695699 -69.62778
-54.696671 -69.638067
-54.727226 -69.715008
-54.786725 -69.722307
-54.808622 -69.740847
-54.852785 -70.089732
-54.85778 -70.21278
-54.858608 -70.246125
-54.853478 -70.279731
-54.843893 -70.305012
-54.824408 -70.31898
-54.791387 -70.322373
-54.776393 -70.306119
-54.76112 -70.285284
-54.708335 -70.232508
-54.694727 -70.228197
-54.689174 -70.239861
-54.753614 -70.326396
-54.787229 -70.353342
-54.803348 -70.363341
-54.81368 -70.364016
-54.820322 -70.394211
-54.814175 -70.432236
-54.806948 -70.628067
-54.839312 -70.736958
-54.841391 -70.750836
-54.841121 -70.762788
-54.835559 -70.801389
-54.826955 -70.822512
-54.813338 -70.836255
-54.777851 -70.788312
-54.770057 -70.771563
-54.766727 -70.756227
-54.761723 -70.716051
-54.755063 -70.685568
-54.734174 -70.624998
-54.701387 -70.538895
-54.691676 -70.520283
-54.6425 -70.461675
-54.630692 -70.455699
-54.625283 -70.464447
-54.624176 -70.484454
-54.625832 -70.545006
-54.628334 -70.558065
-54.671183 -70.625142
-54.680282 -70.610004
-54.689588 -70.584444
-54.698057 -70.591401
-54.715283 -70.638066
-54.73358 -70.728318
-54.744677 -70.800066
-54.742211 -70.896744
-54.710981 -70.919037
-54.705554 -70.905141
-54.705833 -70.860978
-54.690704 -70.782228
-54.683756 -70.771671
-54.676943 -70.782642
-54.674999 -70.797501
-54.675278 -70.808067
-54.678338 -70.825833
-54.686393 -70.870284
-54.716867 -70.934841
-54.760004 -70.993053
-54.773621 -71.011404
-54.777779 -71.036676
-54.770282 -71.046252
-54.758051 -71.045289
-54.745838 -71.036118
-54.737225 -71.027235
-54.725282 -71.012214
-54.71639 -71.003061
-54.706391 -70.995285
-54.641672 -70.968609
-54.620279 -70.970562
-54.614447 -71.014176
-54.62612 -71.041122
-54.640286 -71.037792
-54.651257 -71.043345
-54.663335 -71.058348
-54.698894 -71.164737
-54.70334 -71.180559
-54.679724 -71.272782
-54.673757 -71.292501
-54.665567 -71.302095
-54.654587 -71.302509
-54.648062 -71.290008
-54.646667 -71.275284
-54.615563 -71.261127
-54.578339 -71.265015
-54.522917 -71.335701
-54.523754 -71.354727
-54.555146 -71.402778
-54.669464 -71.478045
-54.691388 -71.48529
-54.69056 -71.495838
-54.685286 -71.511129
-54.615563 -71.670294
-54.606392 -71.682507
-54.604169 -71.710551
-54.61028 -71.739729
-54.632231 -71.781957
-54.649241 -71.803062
-54.653894 -71.821944
-54.657503 -71.9064
-54.657782 -71.917236
-54.656954 -71.928072
-54.653057 -71.952093
-54.643274 -71.96778
-54.624455 -71.978616
-54.566117 -72.001683
-54.507365 -72.009306
-54.460835 -72.001539
-54.454031 -71.989587
-54.45278 -71.974728
-54.464588 -71.921394
-54.495098 -71.87418
-54.516392 -71.860284
-54.527498 -71.85654
-54.540143 -71.843337
-54.546677 -71.824446
-54.563903 -71.749998
-54.576665 -71.687223
-54.576953 -71.675289
-54.548621 -71.58168
-54.470141 -71.69778
-54.462914 -71.720145
-54.464723 -71.733339
-54.475001 -71.767926
-54.475568 -71.783892
-54.459647 -71.827542
-54.449225 -71.84016
-54.418067 -71.847783
-54.398753 -71.791119
-54.397223 -71.765289
-54.398339 -71.743059
-54.399446 -71.73279
-54.410687 -71.714808
-54.43667 -71.7039
-54.495422 -71.63487
-54.503063 -71.618058
-54.507509 -71.601966
-54.512783 -71.564724
-54.495836 -71.492778
-54.485837 -71.487918
-54.475568 -71.505279
-54.472778 -71.543628
-54.470834 -71.564724
-54.466118 -71.580843
-54.459161 -71.592228
-54.441395 -71.608338
-54.419174 -71.619102
-54.406943 -71.602641
-54.406106 -71.589177
-54.442214 -71.448903
-54.422783 -71.377794
-54.406259 -71.424864
-54.390554 -71.406108
-54.374453 -71.368056
-54.374723 -71.352792
-54.433889 -71.186112
-54.472643 -70.96779
-54.419174 -70.934445
-54.405557 -70.933626
-54.393056 -70.935012
-54.381392 -70.938063
-54.344996 -70.936677